"Longitude (x)","Latitude (y)","Station Name","Climate ID","Date/Time (LST)","Year","Month","Day","Time (LST)","Flag","Temp (°C)","Temp Flag","Dew Point Temp (°C)","Dew Point Temp Flag","Rel Hum (%)","Rel Hum Flag","Wind Dir (10s deg)","Wind Dir Flag","Wind Spd (km/h)","Wind Spd Flag","Visibility (km)","Visibility Flag","Stn Press (kPa)","Stn Press Flag","Hmdx","Hmdx Flag","Wind Chill","Wind Chill Flag","Weather"
"-79.40","43.63","TORONTO ISLAND A","6158665","1991-10-01 00:00","1991","10","01","00:00","","","","","","","","30","","7","","","","","","","","","","NA"
"-79.40","43.63","TORONTO ISLAND A","6158665","1991-10-01 01:00","1991","10","01","01:00","","","","","","","","30","","9","","","","","","","","","","NA"
"-79.40","43.63","TORONTO ISLAND A","6158665","1991-10-01 02:00","1991","10","01","02:00","","","","","","","","30","","7","","","","","","","","","","NA"
"-79.40","43.63","TORONTO ISLAND A","6158665","1991-10-01 03:00","1991","10","01","03:00","","","","","","","","29","","9","","","","","","","","","","NA"
"-79.40","43.63","TORONTO ISLAND A","6158665","1991-10-01 04:00","1991","10","01","04:00","","","","","","","","","","0","","","","","","","","","","NA"
"-79.40","43.63","TORONTO ISLAND A","6158665","1991-10-01 05:00","1991","10","01","05:00","","","","","","","","23","","4","","","","","","","","","","NA"
"-79.40","43.63","TORONTO ISLAND A","6158665","1991-10-01 06:00","1991","10","01","06:00","","10.8","","10.6","","99","","23","","6","","14.5","","100.75","","","","","","Cloudy"
"-79.40","43.63","TORONTO ISLAND A","6158665","1991-10-01 07:00","1991","10","01","07:00","","10.5","","10.4","","99","","","","0","","6.4","","100.79","","","","","","Rain Showers,Fog"
"-79.40","43.63","TORONTO ISLAND A","6158665","1991-10-01 08:00","1991","10","01","08:00"
"-79.40","43.63","TORONTO ISLAND A","6158665","1991-10-01 09:00","1991","10","01","09:00"
"-79.40","43.63","TORONTO ISLAND A","6158665","1991-10-01 10:00","1991","10","01","10:00","","13.8","","13.1","","96","","20","","7","","8.0","","100.82","","","","","","Fog"
"-79.40","43.63","TORONTO ISLAND A","6158665","1991-10-01 11:00","1991","10","01","11:00"
"-79.40","43.63","TORONTO ISLAND A","6158665","1991-10-01 12:00","1991","10","01","12:00"
"-79.40","43.63","TORONTO ISLAND A","6158665","1991-10-01 13:00","1991","10","01","13:00"
"-79.40","43.63","TORONTO ISLAND A","6158665","1991-10-01 14:00","1991","10","01","14:00"
"-79.40","43.63","TORONTO ISLAND A","6158665","1991-10-01 15:00","1991","10","01","15:00"
"-79.40","43.63","TORONTO ISLAND A","6158665","1991-10-01 16:00","1991","10","01","16:00"
"-79.40","43.63","TORONTO ISLAND A","6158665","1991-10-01 17:00","1991","10","01","17:00"
"-79.40","43.63","TORONTO ISLAND A","6158665","1991-10-01 18:00","1991","10","01","18:00","","13.8","","12.8","","94","","11","","4","","6.4","","100.55","","","","","","Fog"
"-79.40","43.63","TORONTO ISLAND A","6158665","1991-10-01 19:00","1991","10","01","19:00"
"-79.40","43.63","TORONTO ISLAND A","6158665","1991-10-01 20:00","1991","10","01","20:00"
"-79.40","43.63","TORONTO ISLAND A","6158665","1991-10-01 21:00","1991","10","01","21:00"
"-79.40","43.63","TORONTO ISLAND A","6158665","1991-10-01 22:00","1991","10","01","22:00","","","","","","","","","","0","","","","","","","","","","NA"
"-79.40","43.63","TORONTO ISLAND A","6158665","1991-10-01 23:00","1991","10","01","23:00","","","","","","","","20","","11","","","","","","","","","","NA"
"-79.40","43.63","TORONTO ISLAND A","6158665","1991-10-02 00:00","1991","10","02","00:00","","","","","","","","24","","4","","","","","","","","","","NA"
"-79.40","43.63","TORONTO ISLAND A","6158665","1991-10-02 01:00","1991","10","02","01:00","","","","","","","","","","0","","","","","","","","","","NA"
"-79.40","43.63","TORONTO ISLAND A","6158665","1991-10-02 02:00","1991","10","02","02:00","","","","","","","","9","","11","","","","","","","","","","NA"
"-79.40","43.63","TORONTO ISLAND A","6158665","1991-10-02 03:00","1991","10","02","03:00","","","","","","","","9","","17","","","","","","","","","","NA"
"-79.40","43.63","TORONTO ISLAND A","6158665","1991-10-02 04:00","1991","10","02","04:00","","","","","","","","10","","13","","","","","","","","","","NA"
"-79.40","43.63","TORONTO ISLAND A","6158665","1991-10-02 05:00","1991","10","02","05:00","","","","","","","","8","","15","","","","","","","","","","NA"
"-79.40","43.63","TORONTO ISLAND A","6158665","1991-10-02 06:00","1991","10","02","06:00","","12.1","","11.0","","93","","8","","15","","4.8","","100.15","","","","","","Fog"
"-79.40","43.63","TORONTO ISLAND A","6158665","1991-10-02 07:00","1991","10","02","07:00","","11.8","","11.3","","97","","9","","11","","4.8","","100.18","","","","","","Fog"
"-79.40","43.63","TORONTO ISLAND A","6158665","1991-10-02 08:00","1991","10","02","08:00"
"-79.40","43.63","TORONTO ISLAND A","6158665","1991-10-02 09:00","1991","10","02","09:00"
"-79.40","43.63","TORONTO ISLAND A","6158665","1991-10-02 10:00","1991","10","02","10:00","","13.1","","11.0","","87","","22","","7","","9.7","","100.11","","","","","","Fog"
"-79.40","43.63","TORONTO ISLAND A","6158665","1991-10-02 11:00","1991","10","02","11:00"
"-79.40","43.63","TORONTO ISLAND A","6158665","1991-10-02 12:00","1991","10","02","12:00"
"-79.40","43.63","TORONTO ISLAND A","6158665","1991-10-02 13:00","1991","10","02","13:00"
"-79.40","43.63","TORONTO ISLAND A","6158665","1991-10-02 14:00","1991","10","02","14:00"
"-79.40","43.63","TORONTO ISLAND A","6158665","1991-10-02 15:00","1991","10","02","15:00"
"-79.40","43.63","TORONTO ISLAND A","6158665","1991-10-02 16:00","1991","10","02","16:00"
"-79.40","43.63","TORONTO ISLAND A","6158665","1991-10-02 17:00","1991","10","02","17:00"
"-79.40","43.63","TORONTO ISLAND A","6158665","1991-10-02 18:00","1991","10","02","18:00","","11.9","","8.8","","81","","24","","4","","12.9","","100.01","","","","","","Mostly Cloudy"
"-79.40","43.63","TORONTO ISLAND A","6158665","1991-10-02 19:00","1991","10","02","19:00"
"-79.40","43.63","TORONTO ISLAND A","6158665","1991-10-02 20:00","1991","10","02","20:00"
"-79.40","43.63","TORONTO ISLAND A","6158665","1991-10-02 21:00","1991","10","02","21:00"
"-79.40","43.63","TORONTO ISLAND A","6158665","1991-10-02 22:00","1991","10","02","22:00","","","","","","","","21","","13","","","","","","","","","","NA"
"-79.40","43.63","TORONTO ISLAND A","6158665","1991-10-02 23:00","1991","10","02","23:00","","","","","","","","","","0","","","","","","","","","","NA"
"-79.40","43.63","TORONTO ISLAND A","6158665","1991-10-03 00:00","1991","10","03","00:00","","","","","","","","8","","7","","","","","","","","","","NA"
"-79.40","43.63","TORONTO ISLAND A","6158665","1991-10-03 01:00","1991","10","03","01:00","","","","","","","","7","","9","","","","","","","","","","NA"
"-79.40","43.63","TORONTO ISLAND A","6158665","1991-10-03 02:00","1991","10","03","02:00","","","","","","","","","","0","","","","","","","","","","NA"
"-79.40","43.63","TORONTO ISLAND A","6158665","1991-10-03 03:00","1991","10","03","03:00","","","","","","","","","","0","","","","","","","","","","NA"
"-79.40","43.63","TORONTO ISLAND A","6158665","1991-10-03 04:00","1991","10","03","04:00","","","","","","","","","","0","","","","","","","","","","NA"
"-79.40","43.63","TORONTO ISLAND A","6158665","1991-10-03 05:00","1991","10","03","05:00","","","","","","","","","","0","","","","","","","","","","NA"
"-79.40","43.63","TORONTO ISLAND A","6158665","1991-10-03 06:00","1991","10","03","06:00","","10.8","","10.6","","99","","","","0","","1.2","","100.01","","","","","","Fog"
"-79.40","43.63","TORONTO ISLAND A","6158665","1991-10-03 07:00","1991","10","03","07:00","","9.8","","9.8","","100","","","","0","","0.0","","100.08","","","","","","Fog"
"-79.40","43.63","TORONTO ISLAND A","6158665","1991-10-03 08:00","1991","10","03","08:00"
"-79.40","43.63","TORONTO ISLAND A","6158665","1991-10-03 09:00","1991","10","03","09:00"
"-79.40","43.63","TORONTO ISLAND A","6158665","1991-10-03 10:00","1991","10","03","10:00","","12.7","","12.7","","100","","","","0","","2.4","","100.18","","","","","","Rain Showers,Fog"
"-79.40","43.63","TORONTO ISLAND A","6158665","1991-10-03 11:00","1991","10","03","11:00"
"-79.40","43.63","TORONTO ISLAND A","6158665","1991-10-03 12:00","1991","10","03","12:00"
"-79.40","43.63","TORONTO ISLAND A","6158665","1991-10-03 13:00","1991","10","03","13:00"
"-79.40","43.63","TORONTO ISLAND A","6158665","1991-10-03 14:00","1991","10","03","14:00"
"-79.40","43.63","TORONTO ISLAND A","6158665","1991-10-03 15:00","1991","10","03","15:00"
"-79.40","43.63","TORONTO ISLAND A","6158665","1991-10-03 16:00","1991","10","03","16:00"
"-79.40","43.63","TORONTO ISLAND A","6158665","1991-10-03 17:00","1991","10","03","17:00"
"-79.40","43.63","TORONTO ISLAND A","6158665","1991-10-03 18:00","1991","10","03","18:00","","10.7","","9.4","","91","","22","","6","","14.5","","100.28","","","","","","Mainly Clear"
"-79.40","43.63","TORONTO ISLAND A","6158665","1991-10-03 19:00","1991","10","03","19:00"
"-79.40","43.63","TORONTO ISLAND A","6158665","1991-10-03 20:00","1991","10","03","20:00"
"-79.40","43.63","TORONTO ISLAND A","6158665","1991-10-03 21:00","1991","10","03","21:00"
"-79.40","43.63","TORONTO ISLAND A","6158665","1991-10-03 22:00","1991","10","03","22:00","","","","","","","","","","0","","","","","","","","","","NA"
"-79.40","43.63","TORONTO ISLAND A","6158665","1991-10-03 23:00","1991","10","03","23:00","","","","","","","","27","","4","","","","","","","","","","NA"
"-79.40","43.63","TORONTO ISLAND A","6158665","1991-10-04 00:00","1991","10","04","00:00","","","","","","","","33","","9","","","","","","","","","","NA"
"-79.40","43.63","TORONTO ISLAND A","6158665","1991-10-04 01:00","1991","10","04","01:00","","","","","","","","34","","9","","","","","","","","","","NA"
"-79.40","43.63","TORONTO ISLAND A","6158665","1991-10-04 02:00","1991","10","04","02:00","","","","","","","","34","","9","","","","","","","","","","NA"
"-79.40","43.63","TORONTO ISLAND A","6158665","1991-10-04 03:00","1991","10","04","03:00","","","","","","","","35","","9","","","","","","","","","","NA"
"-79.40","43.63","TORONTO ISLAND A","6158665","1991-10-04 04:00","1991","10","04","04:00","","","","","","","","13","","4","","","","","","","","","","NA"
"-79.40","43.63","TORONTO ISLAND A","6158665","1991-10-04 05:00","1991","10","04","05:00","","","","","","","","23","","6","","","","","","","","","","NA"
"-79.40","43.63","TORONTO ISLAND A","6158665","1991-10-04 06:00","1991","10","04","06:00","","9.8","","9.3","","97","","","","0","","12.9","","100.82","","","","","","Cloudy"
"-79.40","43.63","TORONTO ISLAND A","6158665","1991-10-04 07:00","1991","10","04","07:00","","11.3","","10.4","","94","","9","","6","","12.9","","100.85","","","","","","Cloudy"
"-79.40","43.63","TORONTO ISLAND A","6158665","1991-10-04 08:00","1991","10","04","08:00"
"-79.40","43.63","TORONTO ISLAND A","6158665","1991-10-04 09:00","1991","10","04","09:00"
"-79.40","43.63","TORONTO ISLAND A","6158665","1991-10-04 10:00","1991","10","04","10:00","","11.1","","10.7","","97","","7","","19","","6.4","","100.85","","","","","","Rain,Fog"
"-79.40","43.63","TORONTO ISLAND A","6158665","1991-10-04 11:00","1991","10","04","11:00"
"-79.40","43.63","TORONTO ISLAND A","6158665","1991-10-04 12:00","1991","10","04","12:00"
"-79.40","43.63","TORONTO ISLAND A","6158665","1991-10-04 13:00","1991","10","04","13:00"
"-79.40","43.63","TORONTO ISLAND A","6158665","1991-10-04 14:00","1991","10","04","14:00"
"-79.40","43.63","TORONTO ISLAND A","6158665","1991-10-04 15:00","1991","10","04","15:00"
"-79.40","43.63","TORONTO ISLAND A","6158665","1991-10-04 16:00","1991","10","04","16:00"
"-79.40","43.63","TORONTO ISLAND A","6158665","1991-10-04 17:00","1991","10","04","17:00"
"-79.40","43.63","TORONTO ISLAND A","6158665","1991-10-04 18:00","1991","10","04","18:00","","13.1","","12.3","","95","","7","","28","","9.7","","100.52","","","","","","Fog"
"-79.40","43.63","TORONTO ISLAND A","6158665","1991-10-04 19:00","1991","10","04","19:00"
"-79.40","43.63","TORONTO ISLAND A","6158665","1991-10-04 20:00","1991","10","04","20:00"
"-79.40","43.63","TORONTO ISLAND A","6158665","1991-10-04 21:00","1991","10","04","21:00"
"-79.40","43.63","TORONTO ISLAND A","6158665","1991-10-04 22:00","1991","10","04","22:00","","","","","","","","7","","31","","","","","","","","","","NA"
"-79.40","43.63","TORONTO ISLAND A","6158665","1991-10-04 23:00","1991","10","04","23:00","","","","","","","","8","","37","","","","","","","","","","NA"
"-79.40","43.63","TORONTO ISLAND A","6158665","1991-10-05 00:00","1991","10","05","00:00","","","","","","","","7","","35","","","","","","","","","","NA"
"-79.40","43.63","TORONTO ISLAND A","6158665","1991-10-05 01:00","1991","10","05","01:00","","","","","","","","7","","28","","","","","","","","","","NA"
"-79.40","43.63","TORONTO ISLAND A","6158665","1991-10-05 02:00","1991","10","05","02:00","","","","","","","","7","","22","","","","","","","","","","NA"
"-79.40","43.63","TORONTO ISLAND A","6158665","1991-10-05 03:00","1991","10","05","03:00","","","","","","","","8","","13","","","","","","","","","","NA"
"-79.40","43.63","TORONTO ISLAND A","6158665","1991-10-05 04:00","1991","10","05","04:00","","","","","","","","8","","15","","","","","","","","","","NA"
"-79.40","43.63","TORONTO ISLAND A","6158665","1991-10-05 05:00","1991","10","05","05:00","","","","","","","","8","","17","","","","","","","","","","NA"
"-79.40","43.63","TORONTO ISLAND A","6158665","1991-10-05 06:00","1991","10","05","06:00","","14.0","","13.1","","94","","11","","7","","12.9","","99.88","","","","","","Clear"
"-79.40","43.63","TORONTO ISLAND A","6158665","1991-10-05 07:00","1991","10","05","07:00","","13.8","","12.3","","91","","20","","4","","12.9","","99.88","","","","","","Clear"
"-79.40","43.63","TORONTO ISLAND A","6158665","1991-10-05 08:00","1991","10","05","08:00"
"-79.40","43.63","TORONTO ISLAND A","6158665","1991-10-05 09:00","1991","10","05","09:00"
"-79.40","43.63","TORONTO ISLAND A","6158665","1991-10-05 10:00","1991","10","05","10:00","","18.6","","13.8","","74","","16","","28","","16.1","","99.64","","","","","","Mostly Cloudy"
"-79.40","43.63","TORONTO ISLAND A","6158665","1991-10-05 11:00","1991","10","05","11:00"
"-79.40","43.63","TORONTO ISLAND A","6158665","1991-10-05 12:00","1991","10","05","12:00"
"-79.40","43.63","TORONTO ISLAND A","6158665","1991-10-05 13:00","1991","10","05","13:00"
"-79.40","43.63","TORONTO ISLAND A","6158665","1991-10-05 14:00","1991","10","05","14:00"
"-79.40","43.63","TORONTO ISLAND A","6158665","1991-10-05 15:00","1991","10","05","15:00"
"-79.40","43.63","TORONTO ISLAND A","6158665","1991-10-05 16:00","1991","10","05","16:00"
"-79.40","43.63","TORONTO ISLAND A","6158665","1991-10-05 17:00","1991","10","05","17:00"
"-79.40","43.63","TORONTO ISLAND A","6158665","1991-10-05 18:00","1991","10","05","18:00","","10.1","","9.4","","95","","24","","19","","11.3","","99.94","","","","","","Rain Showers"
"-79.40","43.63","TORONTO ISLAND A","6158665","1991-10-05 19:00","1991","10","05","19:00"
"-79.40","43.63","TORONTO ISLAND A","6158665","1991-10-05 20:00","1991","10","05","20:00"
"-79.40","43.63","TORONTO ISLAND A","6158665","1991-10-05 21:00","1991","10","05","21:00"
"-79.40","43.63","TORONTO ISLAND A","6158665","1991-10-05 22:00","1991","10","05","22:00","","","","","","","","24","","22","","","","","","","","","","NA"
"-79.40","43.63","TORONTO ISLAND A","6158665","1991-10-05 23:00","1991","10","05","23:00","","","","","","","","24","","22","","","","","","","","","","NA"
"-79.40","43.63","TORONTO ISLAND A","6158665","1991-10-06 00:00","1991","10","06","00:00","","","","","","","","23","","26","","","","","","","","","","NA"
"-79.40","43.63","TORONTO ISLAND A","6158665","1991-10-06 01:00","1991","10","06","01:00","","","","","","","","25","","24","","","","","","","","","","NA"
"-79.40","43.63","TORONTO ISLAND A","6158665","1991-10-06 02:00","1991","10","06","02:00","","","","","","","","24","","20","","","","","","","","","","NA"
"-79.40","43.63","TORONTO ISLAND A","6158665","1991-10-06 03:00","1991","10","06","03:00","","","","","","","","24","","15","","","","","","","","","","NA"
"-79.40","43.63","TORONTO ISLAND A","6158665","1991-10-06 04:00","1991","10","06","04:00","","","","","","","","24","","11","","","","","","","","","","NA"
"-79.40","43.63","TORONTO ISLAND A","6158665","1991-10-06 05:00","1991","10","06","05:00","","","","","","","","24","","7","","","","","","","","","","NA"
"-79.40","43.63","TORONTO ISLAND A","6158665","1991-10-06 06:00","1991","10","06","06:00","","7.6","","6.1","","90","","21","","19","","25.0","","100.42","","","","","","Mostly Cloudy"
"-79.40","43.63","TORONTO ISLAND A","6158665","1991-10-06 07:00","1991","10","06","07:00","","8.4","","6.4","","87","","21","","24","","25.0","","100.42","","","","","","Mostly Cloudy"
"-79.40","43.63","TORONTO ISLAND A","6158665","1991-10-06 08:00","1991","10","06","08:00"
"-79.40","43.63","TORONTO ISLAND A","6158665","1991-10-06 09:00","1991","10","06","09:00"
"-79.40","43.63","TORONTO ISLAND A","6158665","1991-10-06 10:00","1991","10","06","10:00","","7.5","","5.8","","89","","24","","22","","25.0","","100.42","","","","","","Rain Showers"
"-79.40","43.63","TORONTO ISLAND A","6158665","1991-10-06 11:00","1991","10","06","11:00"
"-79.40","43.63","TORONTO ISLAND A","6158665","1991-10-06 12:00","1991","10","06","12:00"
"-79.40","43.63","TORONTO ISLAND A","6158665","1991-10-06 13:00","1991","10","06","13:00"
"-79.40","43.63","TORONTO ISLAND A","6158665","1991-10-06 14:00","1991","10","06","14:00"
"-79.40","43.63","TORONTO ISLAND A","6158665","1991-10-06 15:00","1991","10","06","15:00"
"-79.40","43.63","TORONTO ISLAND A","6158665","1991-10-06 16:00","1991","10","06","16:00"
"-79.40","43.63","TORONTO ISLAND A","6158665","1991-10-06 17:00","1991","10","06","17:00"
"-79.40","43.63","TORONTO ISLAND A","6158665","1991-10-06 18:00","1991","10","06","18:00","","9.1","","1.9","","61","","24","","31","","25.0","","100.31","","","","","","Mainly Clear"
"-79.40","43.63","TORONTO ISLAND A","6158665","1991-10-06 19:00","1991","10","06","19:00"
"-79.40","43.63","TORONTO ISLAND A","6158665","1991-10-06 20:00","1991","10","06","20:00"
"-79.40","43.63","TORONTO ISLAND A","6158665","1991-10-06 21:00","1991","10","06","21:00"
"-79.40","43.63","TORONTO ISLAND A","6158665","1991-10-06 22:00","1991","10","06","22:00"
"-79.40","43.63","TORONTO ISLAND A","6158665","1991-10-06 23:00","1991","10","06","23:00"
"-79.40","43.63","TORONTO ISLAND A","6158665","1991-10-07 00:00","1991","10","07","00:00"
"-79.40","43.63","TORONTO ISLAND A","6158665","1991-10-07 01:00","1991","10","07","01:00"
"-79.40","43.63","TORONTO ISLAND A","6158665","1991-10-07 02:00","1991","10","07","02:00"
"-79.40","43.63","TORONTO ISLAND A","6158665","1991-10-07 03:00","1991","10","07","03:00"
"-79.40","43.63","TORONTO ISLAND A","6158665","1991-10-07 04:00","1991","10","07","04:00"
"-79.40","43.63","TORONTO ISLAND A","6158665","1991-10-07 05:00","1991","10","07","05:00"
"-79.40","43.63","TORONTO ISLAND A","6158665","1991-10-07 06:00","1991","10","07","06:00","","4.5","","2.6","","88","","25","","31","","25.0","","100.65","","","","","","Clear"
"-79.40","43.63","TORONTO ISLAND A","6158665","1991-10-07 07:00","1991","10","07","07:00","","4.6","","2.3","","85","","25","","22","","25.0","","100.68","","","","","","Mainly Clear"
"-79.40","43.63","TORONTO ISLAND A","6158665","1991-10-07 08:00","1991","10","07","08:00"
"-79.40","43.63","TORONTO ISLAND A","6158665","1991-10-07 09:00","1991","10","07","09:00"
"-79.40","43.63","TORONTO ISLAND A","6158665","1991-10-07 10:00","1991","10","07","10:00","","8.6","","1.4","","60","","26","","22","","25.0","","100.75","","","","","","Mostly Cloudy"
"-79.40","43.63","TORONTO ISLAND A","6158665","1991-10-07 11:00","1991","10","07","11:00"
"-79.40","43.63","TORONTO ISLAND A","6158665","1991-10-07 12:00","1991","10","07","12:00"
"-79.40","43.63","TORONTO ISLAND A","6158665","1991-10-07 13:00","1991","10","07","13:00"
"-79.40","43.63","TORONTO ISLAND A","6158665","1991-10-07 14:00","1991","10","07","14:00"
"-79.40","43.63","TORONTO ISLAND A","6158665","1991-10-07 15:00","1991","10","07","15:00"
"-79.40","43.63","TORONTO ISLAND A","6158665","1991-10-07 16:00","1991","10","07","16:00"
"-79.40","43.63","TORONTO ISLAND A","6158665","1991-10-07 17:00","1991","10","07","17:00"
"-79.40","43.63","TORONTO ISLAND A","6158665","1991-10-07 18:00","1991","10","07","18:00","","9.5","","-0.9","","48","","28","","22","","24.1","","100.82","","","","","","Mostly Cloudy"
"-79.40","43.63","TORONTO ISLAND A","6158665","1991-10-07 19:00","1991","10","07","19:00"
"-79.40","43.63","TORONTO ISLAND A","6158665","1991-10-07 20:00","1991","10","07","20:00"
"-79.40","43.63","TORONTO ISLAND A","6158665","1991-10-07 21:00","1991","10","07","21:00"
"-79.40","43.63","TORONTO ISLAND A","6158665","1991-10-07 22:00","1991","10","07","22:00","","","","","","","","28","","4","","","","","","","","","","NA"
"-79.40","43.63","TORONTO ISLAND A","6158665","1991-10-07 23:00","1991","10","07","23:00","","","","","","","","24","","11","","","","","","","","","","NA"
"-79.40","43.63","TORONTO ISLAND A","6158665","1991-10-08 00:00","1991","10","08","00:00","","","","","","","","24","","11","","","","","","","","","","NA"
"-79.40","43.63","TORONTO ISLAND A","6158665","1991-10-08 01:00","1991","10","08","01:00","","","","","","","","24","","9","","","","","","","","","","NA"
"-79.40","43.63","TORONTO ISLAND A","6158665","1991-10-08 02:00","1991","10","08","02:00","","","","","","","","26","","13","","","","","","","","","","NA"
"-79.40","43.63","TORONTO ISLAND A","6158665","1991-10-08 03:00","1991","10","08","03:00","","","","","","","","27","","17","","","","","","","","","","NA"
"-79.40","43.63","TORONTO ISLAND A","6158665","1991-10-08 04:00","1991","10","08","04:00","","","","","","","","27","","19","","","","","","","","","","NA"
"-79.40","43.63","TORONTO ISLAND A","6158665","1991-10-08 05:00","1991","10","08","05:00","","","","","","","","26","","13","","","","","","","","","","NA"
"-79.40","43.63","TORONTO ISLAND A","6158665","1991-10-08 06:00","1991","10","08","06:00","","7.1","","3.3","","77","","25","","19","","25.0","","101.12","","","","","","Cloudy"
"-79.40","43.63","TORONTO ISLAND A","6158665","1991-10-08 07:00","1991","10","08","07:00","","6.9","","4.1","","82","","24","","19","","25.0","","101.15","","","","","","Cloudy"
"-79.40","43.63","TORONTO ISLAND A","6158665","1991-10-08 08:00","1991","10","08","08:00"
"-79.40","43.63","TORONTO ISLAND A","6158665","1991-10-08 09:00","1991","10","08","09:00"
"-79.40","43.63","TORONTO ISLAND A","6158665","1991-10-08 10:00","1991","10","08","10:00","","10.2","","5.5","","72","","22","","15","","24.1","","101.19","","","","","","Mostly Cloudy"
"-79.40","43.63","TORONTO ISLAND A","6158665","1991-10-08 11:00","1991","10","08","11:00"
"-79.40","43.63","TORONTO ISLAND A","6158665","1991-10-08 12:00","1991","10","08","12:00"
"-79.40","43.63","TORONTO ISLAND A","6158665","1991-10-08 13:00","1991","10","08","13:00"
"-79.40","43.63","TORONTO ISLAND A","6158665","1991-10-08 14:00","1991","10","08","14:00"
"-79.40","43.63","TORONTO ISLAND A","6158665","1991-10-08 15:00","1991","10","08","15:00"
"-79.40","43.63","TORONTO ISLAND A","6158665","1991-10-08 16:00","1991","10","08","16:00"
"-79.40","43.63","TORONTO ISLAND A","6158665","1991-10-08 17:00","1991","10","08","17:00"
"-79.40","43.63","TORONTO ISLAND A","6158665","1991-10-08 18:00","1991","10","08","18:00","","10.7","","7.2","","79","","20","","17","","24.1","","100.92","","","","","","Mainly Clear"
"-79.40","43.63","TORONTO ISLAND A","6158665","1991-10-08 19:00","1991","10","08","19:00"
"-79.40","43.63","TORONTO ISLAND A","6158665","1991-10-08 20:00","1991","10","08","20:00"
"-79.40","43.63","TORONTO ISLAND A","6158665","1991-10-08 21:00","1991","10","08","21:00"
"-79.40","43.63","TORONTO ISLAND A","6158665","1991-10-08 22:00","1991","10","08","22:00","","","","","","","","15","","9","","","","","","","","","","NA"
"-79.40","43.63","TORONTO ISLAND A","6158665","1991-10-08 23:00","1991","10","08","23:00","","","","","","","","21","","9","","","","","","","","","","NA"
"-79.40","43.63","TORONTO ISLAND A","6158665","1991-10-09 00:00","1991","10","09","00:00","","","","","","","","23","","6","","","","","","","","","","NA"
"-79.40","43.63","TORONTO ISLAND A","6158665","1991-10-09 01:00","1991","10","09","01:00","","","","","","","","20","","19","","","","","","","","","","NA"
"-79.40","43.63","TORONTO ISLAND A","6158665","1991-10-09 02:00","1991","10","09","02:00","","","","","","","","19","","17","","","","","","","","","","NA"
"-79.40","43.63","TORONTO ISLAND A","6158665","1991-10-09 03:00","1991","10","09","03:00","","","","","","","","21","","9","","","","","","","","","","NA"
"-79.40","43.63","TORONTO ISLAND A","6158665","1991-10-09 04:00","1991","10","09","04:00","","","","","","","","21","","11","","","","","","","","","","NA"
"-79.40","43.63","TORONTO ISLAND A","6158665","1991-10-09 05:00","1991","10","09","05:00","","","","","","","","24","","7","","","","","","","","","","NA"
"-79.40","43.63","TORONTO ISLAND A","6158665","1991-10-09 06:00","1991","10","09","06:00","","10.3","","8.1","","86","","22","","13","","24.1","","100.68","","","","","","Mostly Cloudy"
"-79.40","43.63","TORONTO ISLAND A","6158665","1991-10-09 07:00","1991","10","09","07:00","","10.5","","8.2","","86","","23","","11","","24.1","","100.72","","","","","","Cloudy"
"-79.40","43.63","TORONTO ISLAND A","6158665","1991-10-09 08:00","1991","10","09","08:00"
"-79.40","43.63","TORONTO ISLAND A","6158665","1991-10-09 09:00","1991","10","09","09:00"
"-79.40","43.63","TORONTO ISLAND A","6158665","1991-10-09 10:00","1991","10","09","10:00","","12.6","","8.7","","77","","21","","20","","24.1","","100.68","","","","","","Cloudy"
"-79.40","43.63","TORONTO ISLAND A","6158665","1991-10-09 11:00","1991","10","09","11:00"
"-79.40","43.63","TORONTO ISLAND A","6158665","1991-10-09 12:00","1991","10","09","12:00"
"-79.40","43.63","TORONTO ISLAND A","6158665","1991-10-09 13:00","1991","10","09","13:00"
"-79.40","43.63","TORONTO ISLAND A","6158665","1991-10-09 14:00","1991","10","09","14:00"
"-79.40","43.63","TORONTO ISLAND A","6158665","1991-10-09 15:00","1991","10","09","15:00"
"-79.40","43.63","TORONTO ISLAND A","6158665","1991-10-09 16:00","1991","10","09","16:00"
"-79.40","43.63","TORONTO ISLAND A","6158665","1991-10-09 17:00","1991","10","09","17:00"
"-79.40","43.63","TORONTO ISLAND A","6158665","1991-10-09 18:00","1991","10","09","18:00","","14.1","","9.1","","72","","25","","9","","16.1","","100.75","","","","","","Mainly Clear"
"-79.40","43.63","TORONTO ISLAND A","6158665","1991-10-09 19:00","1991","10","09","19:00"
"-79.40","43.63","TORONTO ISLAND A","6158665","1991-10-09 20:00","1991","10","09","20:00"
"-79.40","43.63","TORONTO ISLAND A","6158665","1991-10-09 21:00","1991","10","09","21:00"
"-79.40","43.63","TORONTO ISLAND A","6158665","1991-10-09 22:00","1991","10","09","22:00","","","","","","","","","","0","","","","","","","","","","NA"
"-79.40","43.63","TORONTO ISLAND A","6158665","1991-10-09 23:00","1991","10","09","23:00","","","","","","","","8","","13","","","","","","","","","","NA"
"-79.40","43.63","TORONTO ISLAND A","6158665","1991-10-10 00:00","1991","10","10","00:00","","","","","","","","7","","7","","","","","","","","","","NA"
"-79.40","43.63","TORONTO ISLAND A","6158665","1991-10-10 01:00","1991","10","10","01:00","","","","","","","","7","","15","","","","","","","","","","NA"
"-79.40","43.63","TORONTO ISLAND A","6158665","1991-10-10 02:00","1991","10","10","02:00","","","","","","","","8","","20","","","","","","","","","","NA"
"-79.40","43.63","TORONTO ISLAND A","6158665","1991-10-10 03:00","1991","10","10","03:00","","","","","","","","8","","20","","","","","","","","","","NA"
"-79.40","43.63","TORONTO ISLAND A","6158665","1991-10-10 04:00","1991","10","10","04:00","","","","","","","","6","","11","","","","","","","","","","NA"
"-79.40","43.63","TORONTO ISLAND A","6158665","1991-10-10 05:00","1991","10","10","05:00","","","","","","","","34","","15","","","","","","","","","","NA"
"-79.40","43.63","TORONTO ISLAND A","6158665","1991-10-10 06:00","1991","10","10","06:00","","8.8","","8.1","","96","","36","","11","","12.9","","100.52","","","","","","Rain Showers"
"-79.40","43.63","TORONTO ISLAND A","6158665","1991-10-10 07:00","1991","10","10","07:00","","8.7","","8.4","","98","","","","0","","6.4","","100.58","","","","","","Rain Showers,Fog"
"-79.40","43.63","TORONTO ISLAND A","6158665","1991-10-10 08:00","1991","10","10","08:00"
"-79.40","43.63","TORONTO ISLAND A","6158665","1991-10-10 09:00","1991","10","10","09:00"
"-79.40","43.63","TORONTO ISLAND A","6158665","1991-10-10 10:00","1991","10","10","10:00","","8.9","","8.9","","100","","25","","11","","11.3","","100.52","","","","","","Rain Showers"
"-79.40","43.63","TORONTO ISLAND A","6158665","1991-10-10 11:00","1991","10","10","11:00"
"-79.40","43.63","TORONTO ISLAND A","6158665","1991-10-10 12:00","1991","10","10","12:00"
"-79.40","43.63","TORONTO ISLAND A","6158665","1991-10-10 13:00","1991","10","10","13:00"
"-79.40","43.63","TORONTO ISLAND A","6158665","1991-10-10 14:00","1991","10","10","14:00"
"-79.40","43.63","TORONTO ISLAND A","6158665","1991-10-10 15:00","1991","10","10","15:00"
"-79.40","43.63","TORONTO ISLAND A","6158665","1991-10-10 16:00","1991","10","10","16:00"
"-79.40","43.63","TORONTO ISLAND A","6158665","1991-10-10 17:00","1991","10","10","17:00"
"-79.40","43.63","TORONTO ISLAND A","6158665","1991-10-10 18:00","1991","10","10","18:00","","13.0","","1.4","","45","","29","","15","","25.0","","100.48","","","","","","Clear"
"-79.40","43.63","TORONTO ISLAND A","6158665","1991-10-10 19:00","1991","10","10","19:00"
"-79.40","43.63","TORONTO ISLAND A","6158665","1991-10-10 20:00","1991","10","10","20:00"
"-79.40","43.63","TORONTO ISLAND A","6158665","1991-10-10 21:00","1991","10","10","21:00"
"-79.40","43.63","TORONTO ISLAND A","6158665","1991-10-10 22:00","1991","10","10","22:00","","","","","","","","","","0","","","","","","","","","","NA"
"-79.40","43.63","TORONTO ISLAND A","6158665","1991-10-10 23:00","1991","10","10","23:00","","","","","","","","","","0","","","","","","","","","","NA"
"-79.40","43.63","TORONTO ISLAND A","6158665","1991-10-11 00:00","1991","10","11","00:00","","","","","","","","","","0","","","","","","","","","","NA"
"-79.40","43.63","TORONTO ISLAND A","6158665","1991-10-11 01:00","1991","10","11","01:00","","","","","","","","8","","9","","","","","","","","","","NA"
"-79.40","43.63","TORONTO ISLAND A","6158665","1991-10-11 02:00","1991","10","11","02:00","","","","","","","","9","","11","","","","","","","","","","NA"
"-79.40","43.63","TORONTO ISLAND A","6158665","1991-10-11 03:00","1991","10","11","03:00","","","","","","","","8","","11","","","","","","","","","","NA"
"-79.40","43.63","TORONTO ISLAND A","6158665","1991-10-11 04:00","1991","10","11","04:00","","","","","","","","9","","9","","","","","","","","","","NA"
"-79.40","43.63","TORONTO ISLAND A","6158665","1991-10-11 05:00","1991","10","11","05:00","","","","","","","","8","","15","","","","","","","","","","NA"
"-79.40","43.63","TORONTO ISLAND A","6158665","1991-10-11 06:00","1991","10","11","06:00","","7.7","","6.0","","89","","8","","15","","24.1","","100.01","","","","","","Mostly Cloudy"
"-79.40","43.63","TORONTO ISLAND A","6158665","1991-10-11 07:00","1991","10","11","07:00","","7.4","","5.9","","90","","8","","15","","14.5","","99.98","","","","","","Mostly Cloudy"
"-79.40","43.63","TORONTO ISLAND A","6158665","1991-10-11 08:00","1991","10","11","08:00"
"-79.40","43.63","TORONTO ISLAND A","6158665","1991-10-11 09:00","1991","10","11","09:00"
"-79.40","43.63","TORONTO ISLAND A","6158665","1991-10-11 10:00","1991","10","11","10:00","","10.2","","5.9","","74","","11","","11","","24.1","","99.88","","","","","","Cloudy"
"-79.40","43.63","TORONTO ISLAND A","6158665","1991-10-11 11:00","1991","10","11","11:00"
"-79.40","43.63","TORONTO ISLAND A","6158665","1991-10-11 12:00","1991","10","11","12:00"
"-79.40","43.63","TORONTO ISLAND A","6158665","1991-10-11 13:00","1991","10","11","13:00"
"-79.40","43.63","TORONTO ISLAND A","6158665","1991-10-11 14:00","1991","10","11","14:00"
"-79.40","43.63","TORONTO ISLAND A","6158665","1991-10-11 15:00","1991","10","11","15:00"
"-79.40","43.63","TORONTO ISLAND A","6158665","1991-10-11 16:00","1991","10","11","16:00"
"-79.40","43.63","TORONTO ISLAND A","6158665","1991-10-11 17:00","1991","10","11","17:00"
"-79.40","43.63","TORONTO ISLAND A","6158665","1991-10-11 18:00","1991","10","11","18:00","","8.4","","7.0","","91","","","","0","","25.0","","99.68","","","","","","Mostly Cloudy"
"-79.40","43.63","TORONTO ISLAND A","6158665","1991-10-11 19:00","1991","10","11","19:00"
"-79.40","43.63","TORONTO ISLAND A","6158665","1991-10-11 20:00","1991","10","11","20:00"
"-79.40","43.63","TORONTO ISLAND A","6158665","1991-10-11 21:00","1991","10","11","21:00"
"-79.40","43.63","TORONTO ISLAND A","6158665","1991-10-11 22:00","1991","10","11","22:00","","","","","","","","","","0","","","","","","","","","","NA"
"-79.40","43.63","TORONTO ISLAND A","6158665","1991-10-11 23:00","1991","10","11","23:00","","","","","","","","","","0","","","","","","","","","","NA"
"-79.40","43.63","TORONTO ISLAND A","6158665","1991-10-12 00:00","1991","10","12","00:00","","","","","","","","9","","11","","","","","","","","","","NA"
"-79.40","43.63","TORONTO ISLAND A","6158665","1991-10-12 01:00","1991","10","12","01:00","","","","","","","","7","","11","","","","","","","","","","NA"
"-79.40","43.63","TORONTO ISLAND A","6158665","1991-10-12 02:00","1991","10","12","02:00","","","","","","","","7","","11","","","","","","","","","","NA"
"-79.40","43.63","TORONTO ISLAND A","6158665","1991-10-12 03:00","1991","10","12","03:00","","","","","","","","7","","11","","","","","","","","","","NA"
"-79.40","43.63","TORONTO ISLAND A","6158665","1991-10-12 04:00","1991","10","12","04:00","","","","","","","","7","","6","","","","","","","","","","NA"
"-79.40","43.63","TORONTO ISLAND A","6158665","1991-10-12 05:00","1991","10","12","05:00","","","","","","","","","","0","","","","","","","","","","NA"
"-79.40","43.63","TORONTO ISLAND A","6158665","1991-10-12 06:00","1991","10","12","06:00","","7.7","","5.5","","86","","4","","4","","14.5","","99.64","","","","","","Mostly Cloudy"
"-79.40","43.63","TORONTO ISLAND A","6158665","1991-10-12 07:00","1991","10","12","07:00","","7.2","","5.4","","88","","32","","6","","12.9","","99.68","","","","","","Mostly Cloudy"
"-79.40","43.63","TORONTO ISLAND A","6158665","1991-10-12 08:00","1991","10","12","08:00"
"-79.40","43.63","TORONTO ISLAND A","6158665","1991-10-12 09:00","1991","10","12","09:00"
"-79.40","43.63","TORONTO ISLAND A","6158665","1991-10-12 10:00","1991","10","12","10:00","","8.9","","5.8","","81","","10","","11","","12.9","","99.81","","","","","","Cloudy"
"-79.40","43.63","TORONTO ISLAND A","6158665","1991-10-12 11:00","1991","10","12","11:00"
"-79.40","43.63","TORONTO ISLAND A","6158665","1991-10-12 12:00","1991","10","12","12:00"
"-79.40","43.63","TORONTO ISLAND A","6158665","1991-10-12 13:00","1991","10","12","13:00"
"-79.40","43.63","TORONTO ISLAND A","6158665","1991-10-12 14:00","1991","10","12","14:00"
"-79.40","43.63","TORONTO ISLAND A","6158665","1991-10-12 15:00","1991","10","12","15:00"
"-79.40","43.63","TORONTO ISLAND A","6158665","1991-10-12 16:00","1991","10","12","16:00"
"-79.40","43.63","TORONTO ISLAND A","6158665","1991-10-12 17:00","1991","10","12","17:00"
"-79.40","43.63","TORONTO ISLAND A","6158665","1991-10-12 18:00","1991","10","12","18:00","","9.2","","6.4","","82","","8","","13","","19.3","","100.08","","","","","","Cloudy"
"-79.40","43.63","TORONTO ISLAND A","6158665","1991-10-12 19:00","1991","10","12","19:00"
"-79.40","43.63","TORONTO ISLAND A","6158665","1991-10-12 20:00","1991","10","12","20:00"
"-79.40","43.63","TORONTO ISLAND A","6158665","1991-10-12 21:00","1991","10","12","21:00"
"-79.40","43.63","TORONTO ISLAND A","6158665","1991-10-12 22:00","1991","10","12","22:00","","","","","","","","34","","4","","","","","","","","","","NA"
"-79.40","43.63","TORONTO ISLAND A","6158665","1991-10-12 23:00","1991","10","12","23:00","","","","","","","","34","","7","","","","","","","","","","NA"
"-79.40","43.63","TORONTO ISLAND A","6158665","1991-10-13 00:00","1991","10","13","00:00","","","","","","","","34","","7","","","","","","","","","","NA"
"-79.40","43.63","TORONTO ISLAND A","6158665","1991-10-13 01:00","1991","10","13","01:00"
"-79.40","43.63","TORONTO ISLAND A","6158665","1991-10-13 02:00","1991","10","13","02:00"
"-79.40","43.63","TORONTO ISLAND A","6158665","1991-10-13 03:00","1991","10","13","03:00"
"-79.40","43.63","TORONTO ISLAND A","6158665","1991-10-13 04:00","1991","10","13","04:00"
"-79.40","43.63","TORONTO ISLAND A","6158665","1991-10-13 05:00","1991","10","13","05:00"
"-79.40","43.63","TORONTO ISLAND A","6158665","1991-10-13 06:00","1991","10","13","06:00","","6.1","","1.7","","73","","36","","11","","24.1","","100.65","","","","","","Mostly Cloudy"
"-79.40","43.63","TORONTO ISLAND A","6158665","1991-10-13 07:00","1991","10","13","07:00","","6.0","","1.0","","70","","34","","13","","25.0","","100.72","","","","","","Mostly Cloudy"
"-79.40","43.63","TORONTO ISLAND A","6158665","1991-10-13 08:00","1991","10","13","08:00"
"-79.40","43.63","TORONTO ISLAND A","6158665","1991-10-13 09:00","1991","10","13","09:00"
"-79.40","43.63","TORONTO ISLAND A","6158665","1991-10-13 10:00","1991","10","13","10:00","","7.5","","-3.0","","47","","2","","15","","25.0","","100.95","","","","","","Mostly Cloudy"
"-79.40","43.63","TORONTO ISLAND A","6158665","1991-10-13 11:00","1991","10","13","11:00"
"-79.40","43.63","TORONTO ISLAND A","6158665","1991-10-13 12:00","1991","10","13","12:00"
"-79.40","43.63","TORONTO ISLAND A","6158665","1991-10-13 13:00","1991","10","13","13:00"
"-79.40","43.63","TORONTO ISLAND A","6158665","1991-10-13 14:00","1991","10","13","14:00"
"-79.40","43.63","TORONTO ISLAND A","6158665","1991-10-13 15:00","1991","10","13","15:00"
"-79.40","43.63","TORONTO ISLAND A","6158665","1991-10-13 16:00","1991","10","13","16:00"
"-79.40","43.63","TORONTO ISLAND A","6158665","1991-10-13 17:00","1991","10","13","17:00"
"-79.40","43.63","TORONTO ISLAND A","6158665","1991-10-13 18:00","1991","10","13","18:00","","6.9","","-1.6","","55","","34","","9","","24.1","","100.99","","","","","","Clear"
"-79.40","43.63","TORONTO ISLAND A","6158665","1991-10-13 19:00","1991","10","13","19:00"
"-79.40","43.63","TORONTO ISLAND A","6158665","1991-10-13 20:00","1991","10","13","20:00"
"-79.40","43.63","TORONTO ISLAND A","6158665","1991-10-13 21:00","1991","10","13","21:00"
"-79.40","43.63","TORONTO ISLAND A","6158665","1991-10-13 22:00","1991","10","13","22:00","","","","","","","","","","0","","","","","","","","","","NA"
"-79.40","43.63","TORONTO ISLAND A","6158665","1991-10-13 23:00","1991","10","13","23:00","","","","","","","","","","0","","","","","","","","","","NA"
"-79.40","43.63","TORONTO ISLAND A","6158665","1991-10-14 00:00","1991","10","14","00:00","","","","","","","","","","0","","","","","","","","","","NA"
"-79.40","43.63","TORONTO ISLAND A","6158665","1991-10-14 01:00","1991","10","14","01:00","","","","","","","","","","0","","","","","","","","","","NA"
"-79.40","43.63","TORONTO ISLAND A","6158665","1991-10-14 02:00","1991","10","14","02:00","","","","","","","","34","","4","","","","","","","","","","NA"
"-79.40","43.63","TORONTO ISLAND A","6158665","1991-10-14 03:00","1991","10","14","03:00","","","","","","","","","","0","","","","","","","","","","NA"
"-79.40","43.63","TORONTO ISLAND A","6158665","1991-10-14 04:00","1991","10","14","04:00","","","","","","","","8","","4","","","","","","","","","","NA"
"-79.40","43.63","TORONTO ISLAND A","6158665","1991-10-14 05:00","1991","10","14","05:00","","","","","","","","8","","11","","","","","","","","","","NA"
"-79.40","43.63","TORONTO ISLAND A","6158665","1991-10-14 06:00","1991","10","14","06:00","","4.0","","2.4","","89","","8","","11","","25.0","","100.85","","","","","","Mostly Cloudy"
"-79.40","43.63","TORONTO ISLAND A","6158665","1991-10-14 07:00","1991","10","14","07:00","","4.9","","2.7","","86","","8","","9","","24.1","","100.89","","","","","","Mostly Cloudy"
"-79.40","43.63","TORONTO ISLAND A","6158665","1991-10-14 08:00","1991","10","14","08:00"
"-79.40","43.63","TORONTO ISLAND A","6158665","1991-10-14 09:00","1991","10","14","09:00"
"-79.40","43.63","TORONTO ISLAND A","6158665","1991-10-14 10:00","1991","10","14","10:00","","9.0","","6.0","","81","","15","","19","","24.1","","100.68","","","","","","Cloudy"
"-79.40","43.63","TORONTO ISLAND A","6158665","1991-10-14 11:00","1991","10","14","11:00"
"-79.40","43.63","TORONTO ISLAND A","6158665","1991-10-14 12:00","1991","10","14","12:00"
"-79.40","43.63","TORONTO ISLAND A","6158665","1991-10-14 13:00","1991","10","14","13:00"
"-79.40","43.63","TORONTO ISLAND A","6158665","1991-10-14 14:00","1991","10","14","14:00"
"-79.40","43.63","TORONTO ISLAND A","6158665","1991-10-14 15:00","1991","10","14","15:00"
"-79.40","43.63","TORONTO ISLAND A","6158665","1991-10-14 16:00","1991","10","14","16:00"
"-79.40","43.63","TORONTO ISLAND A","6158665","1991-10-14 17:00","1991","10","14","17:00"
"-79.40","43.63","TORONTO ISLAND A","6158665","1991-10-14 18:00","1991","10","14","18:00","","10.1","","6.6","","79","","9","","30","","24.1","","99.98","","","","","","Cloudy"
"-79.40","43.63","TORONTO ISLAND A","6158665","1991-10-14 19:00","1991","10","14","19:00"
"-79.40","43.63","TORONTO ISLAND A","6158665","1991-10-14 20:00","1991","10","14","20:00"
"-79.40","43.63","TORONTO ISLAND A","6158665","1991-10-14 21:00","1991","10","14","21:00"
"-79.40","43.63","TORONTO ISLAND A","6158665","1991-10-14 22:00","1991","10","14","22:00","","","","","","","","13","","9","","","","","","","","","","NA"
"-79.40","43.63","TORONTO ISLAND A","6158665","1991-10-14 23:00","1991","10","14","23:00","","","","","","","","15","","13","","","","","","","","","","NA"
"-79.40","43.63","TORONTO ISLAND A","6158665","1991-10-15 00:00","1991","10","15","00:00","","","","","","","","23","","11","","","","","","","","","","NA"
"-79.40","43.63","TORONTO ISLAND A","6158665","1991-10-15 01:00","1991","10","15","01:00","","","","","","","","29","","4","","","","","","","","","","NA"
"-79.40","43.63","TORONTO ISLAND A","6158665","1991-10-15 02:00","1991","10","15","02:00","","","","","","","","20","","15","","","","","","","","","","NA"
"-79.40","43.63","TORONTO ISLAND A","6158665","1991-10-15 03:00","1991","10","15","03:00","","","","","","","","23","","22","","","","","","","","","","NA"
"-79.40","43.63","TORONTO ISLAND A","6158665","1991-10-15 04:00","1991","10","15","04:00","","","","","","","","26","","15","","","","","","","","","","NA"
"-79.40","43.63","TORONTO ISLAND A","6158665","1991-10-15 05:00","1991","10","15","05:00","","","","","","","","25","","19","","","","","","","","","","NA"
"-79.40","43.63","TORONTO ISLAND A","6158665","1991-10-15 06:00","1991","10","15","06:00","","7.6","","6.1","","90","","23","","11","","25.0","","99.94","","","","","","Mainly Clear"
"-79.40","43.63","TORONTO ISLAND A","6158665","1991-10-15 07:00","1991","10","15","07:00","","8.1","","6.4","","89","","23","","13","","19.3","","99.98","","","","","","Mostly Cloudy"
"-79.40","43.63","TORONTO ISLAND A","6158665","1991-10-15 08:00","1991","10","15","08:00"
"-79.40","43.63","TORONTO ISLAND A","6158665","1991-10-15 09:00","1991","10","15","09:00"
"-79.40","43.63","TORONTO ISLAND A","6158665","1991-10-15 10:00","1991","10","15","10:00","","8.9","","6.7","","86","","21","","9","","19.3","","100.01","","","","","","Cloudy"
"-79.40","43.63","TORONTO ISLAND A","6158665","1991-10-15 11:00","1991","10","15","11:00"
"-79.40","43.63","TORONTO ISLAND A","6158665","1991-10-15 12:00","1991","10","15","12:00"
"-79.40","43.63","TORONTO ISLAND A","6158665","1991-10-15 13:00","1991","10","15","13:00"
"-79.40","43.63","TORONTO ISLAND A","6158665","1991-10-15 14:00","1991","10","15","14:00"
"-79.40","43.63","TORONTO ISLAND A","6158665","1991-10-15 15:00","1991","10","15","15:00"
"-79.40","43.63","TORONTO ISLAND A","6158665","1991-10-15 16:00","1991","10","15","16:00"
"-79.40","43.63","TORONTO ISLAND A","6158665","1991-10-15 17:00","1991","10","15","17:00"
"-79.40","43.63","TORONTO ISLAND A","6158665","1991-10-15 18:00","1991","10","15","18:00","","9.5","","4.9","","73","","24","","26","","24.1","","99.98","","","","","","Cloudy"
"-79.40","43.63","TORONTO ISLAND A","6158665","1991-10-15 19:00","1991","10","15","19:00"
"-79.40","43.63","TORONTO ISLAND A","6158665","1991-10-15 20:00","1991","10","15","20:00"
"-79.40","43.63","TORONTO ISLAND A","6158665","1991-10-15 21:00","1991","10","15","21:00"
"-79.40","43.63","TORONTO ISLAND A","6158665","1991-10-15 22:00","1991","10","15","22:00"
"-79.40","43.63","TORONTO ISLAND A","6158665","1991-10-15 23:00","1991","10","15","23:00"
"-79.40","43.63","TORONTO ISLAND A","6158665","1991-10-16 00:00","1991","10","16","00:00"
"-79.40","43.63","TORONTO ISLAND A","6158665","1991-10-16 01:00","1991","10","16","01:00"
"-79.40","43.63","TORONTO ISLAND A","6158665","1991-10-16 02:00","1991","10","16","02:00"
"-79.40","43.63","TORONTO ISLAND A","6158665","1991-10-16 03:00","1991","10","16","03:00"
"-79.40","43.63","TORONTO ISLAND A","6158665","1991-10-16 04:00","1991","10","16","04:00"
"-79.40","43.63","TORONTO ISLAND A","6158665","1991-10-16 05:00","1991","10","16","05:00"
"-79.40","43.63","TORONTO ISLAND A","6158665","1991-10-16 06:00","1991","10","16","06:00","","3.6","","1.4","","85","","27","","9","","25.0","","100.72","","","","","","Clear"
"-79.40","43.63","TORONTO ISLAND A","6158665","1991-10-16 07:00","1991","10","16","07:00","","3.5","","1.3","","85","","28","","6","","25.0","","100.72","","","","","","Clear"
"-79.40","43.63","TORONTO ISLAND A","6158665","1991-10-16 08:00","1991","10","16","08:00"
"-79.40","43.63","TORONTO ISLAND A","6158665","1991-10-16 09:00","1991","10","16","09:00"
"-79.40","43.63","TORONTO ISLAND A","6158665","1991-10-16 10:00","1991","10","16","10:00","","7.0","","2.7","","74","","24","","13","","25.0","","100.92","","","","","","Clear"
"-79.40","43.63","TORONTO ISLAND A","6158665","1991-10-16 11:00","1991","10","16","11:00"
"-79.40","43.63","TORONTO ISLAND A","6158665","1991-10-16 12:00","1991","10","16","12:00"
"-79.40","43.63","TORONTO ISLAND A","6158665","1991-10-16 13:00","1991","10","16","13:00"
"-79.40","43.63","TORONTO ISLAND A","6158665","1991-10-16 14:00","1991","10","16","14:00"
"-79.40","43.63","TORONTO ISLAND A","6158665","1991-10-16 15:00","1991","10","16","15:00"
"-79.40","43.63","TORONTO ISLAND A","6158665","1991-10-16 16:00","1991","10","16","16:00"
"-79.40","43.63","TORONTO ISLAND A","6158665","1991-10-16 17:00","1991","10","16","17:00"
"-79.40","43.63","TORONTO ISLAND A","6158665","1991-10-16 18:00","1991","10","16","18:00","","8.5","","4.5","","76","","20","","26","","25.0","","100.75","","","","","","Mainly Clear"
"-79.40","43.63","TORONTO ISLAND A","6158665","1991-10-16 19:00","1991","10","16","19:00"
"-79.40","43.63","TORONTO ISLAND A","6158665","1991-10-16 20:00","1991","10","16","20:00"
"-79.40","43.63","TORONTO ISLAND A","6158665","1991-10-16 21:00","1991","10","16","21:00"
"-79.40","43.63","TORONTO ISLAND A","6158665","1991-10-16 22:00","1991","10","16","22:00","","","","","","","","24","","15","","","","","","","","","","NA"
"-79.40","43.63","TORONTO ISLAND A","6158665","1991-10-16 23:00","1991","10","16","23:00","","","","","","","","24","","9","","","","","","","","","","NA"
"-79.40","43.63","TORONTO ISLAND A","6158665","1991-10-17 00:00","1991","10","17","00:00","","","","","","","","24","","9","","","","","","","","","","NA"
"-79.40","43.63","TORONTO ISLAND A","6158665","1991-10-17 01:00","1991","10","17","01:00","","","","","","","","27","","7","","","","","","","","","","NA"
"-79.40","43.63","TORONTO ISLAND A","6158665","1991-10-17 02:00","1991","10","17","02:00","","","","","","","","21","","11","","","","","","","","","","NA"
"-79.40","43.63","TORONTO ISLAND A","6158665","1991-10-17 03:00","1991","10","17","03:00","","","","","","","","19","","13","","","","","","","","","","NA"
"-79.40","43.63","TORONTO ISLAND A","6158665","1991-10-17 04:00","1991","10","17","04:00","","","","","","","","23","","13","","","","","","","","","","NA"
"-79.40","43.63","TORONTO ISLAND A","6158665","1991-10-17 05:00","1991","10","17","05:00","","","","","","","","28","","13","","","","","","","","","","NA"
"-79.40","43.63","TORONTO ISLAND A","6158665","1991-10-17 06:00","1991","10","17","06:00","","6.6","","1.6","","70","","32","","7","","19.3","","100.89","","","","","","Clear"
"-79.40","43.63","TORONTO ISLAND A","6158665","1991-10-17 07:00","1991","10","17","07:00","","6.5","","1.4","","70","","28","","7","","12.9","","100.92","","","","","","Mainly Clear"
"-79.40","43.63","TORONTO ISLAND A","6158665","1991-10-17 08:00","1991","10","17","08:00"
"-79.40","43.63","TORONTO ISLAND A","6158665","1991-10-17 09:00","1991","10","17","09:00"
"-79.40","43.63","TORONTO ISLAND A","6158665","1991-10-17 10:00","1991","10","17","10:00","","9.4","","5.4","","76","","17","","4","","11.3","","101.02","","","","","","Clear"
"-79.40","43.63","TORONTO ISLAND A","6158665","1991-10-17 11:00","1991","10","17","11:00"
"-79.40","43.63","TORONTO ISLAND A","6158665","1991-10-17 12:00","1991","10","17","12:00"
"-79.40","43.63","TORONTO ISLAND A","6158665","1991-10-17 13:00","1991","10","17","13:00"
"-79.40","43.63","TORONTO ISLAND A","6158665","1991-10-17 14:00","1991","10","17","14:00"
"-79.40","43.63","TORONTO ISLAND A","6158665","1991-10-17 15:00","1991","10","17","15:00"
"-79.40","43.63","TORONTO ISLAND A","6158665","1991-10-17 16:00","1991","10","17","16:00"
"-79.40","43.63","TORONTO ISLAND A","6158665","1991-10-17 17:00","1991","10","17","17:00"
"-79.40","43.63","TORONTO ISLAND A","6158665","1991-10-17 18:00","1991","10","17","18:00","","11.5","","6.1","","69","","8","","7","","24.1","","100.52","","","","","","Mainly Clear"
"-79.40","43.63","TORONTO ISLAND A","6158665","1991-10-17 19:00","1991","10","17","19:00"
"-79.40","43.63","TORONTO ISLAND A","6158665","1991-10-17 20:00","1991","10","17","20:00"
"-79.40","43.63","TORONTO ISLAND A","6158665","1991-10-17 21:00","1991","10","17","21:00"
"-79.40","43.63","TORONTO ISLAND A","6158665","1991-10-17 22:00","1991","10","17","22:00","","","","","","","","","","0","","","","","","","","","","NA"
"-79.40","43.63","TORONTO ISLAND A","6158665","1991-10-17 23:00","1991","10","17","23:00","","","","","","","","","","0","","","","","","","","","","NA"
"-79.40","43.63","TORONTO ISLAND A","6158665","1991-10-18 00:00","1991","10","18","00:00","","","","","","","","26","","7","","","","","","","","","","NA"
"-79.40","43.63","TORONTO ISLAND A","6158665","1991-10-18 01:00","1991","10","18","01:00","","","","","","","","21","","7","","","","","","","","","","NA"
"-79.40","43.63","TORONTO ISLAND A","6158665","1991-10-18 02:00","1991","10","18","02:00","","","","","","","","20","","15","","","","","","","","","","NA"
"-79.40","43.63","TORONTO ISLAND A","6158665","1991-10-18 03:00","1991","10","18","03:00","","","","","","","","22","","13","","","","","","","","","","NA"
"-79.40","43.63","TORONTO ISLAND A","6158665","1991-10-18 04:00","1991","10","18","04:00","","","","","","","","23","","9","","","","","","","","","","NA"
"-79.40","43.63","TORONTO ISLAND A","6158665","1991-10-18 05:00","1991","10","18","05:00","","","","","","","","24","","9","","","","","","","","","","NA"
"-79.40","43.63","TORONTO ISLAND A","6158665","1991-10-18 06:00","1991","10","18","06:00","","9.4","","6.7","","83","","25","","19","","24.1","","100.52","","","","","","Mainly Clear"
"-79.40","43.63","TORONTO ISLAND A","6158665","1991-10-18 07:00","1991","10","18","07:00","","8.6","","6.5","","87","","24","","9","","14.5","","100.55","","","","","","Mainly Clear"
"-79.40","43.63","TORONTO ISLAND A","6158665","1991-10-18 08:00","1991","10","18","08:00"
"-79.40","43.63","TORONTO ISLAND A","6158665","1991-10-18 09:00","1991","10","18","09:00"
"-79.40","43.63","TORONTO ISLAND A","6158665","1991-10-18 10:00","1991","10","18","10:00","","11.1","","7.7","","80","","23","","17","","14.5","","100.68","","","","","","Mostly Cloudy"
"-79.40","43.63","TORONTO ISLAND A","6158665","1991-10-18 11:00","1991","10","18","11:00"
"-79.40","43.63","TORONTO ISLAND A","6158665","1991-10-18 12:00","1991","10","18","12:00"
"-79.40","43.63","TORONTO ISLAND A","6158665","1991-10-18 13:00","1991","10","18","13:00"
"-79.40","43.63","TORONTO ISLAND A","6158665","1991-10-18 14:00","1991","10","18","14:00"
"-79.40","43.63","TORONTO ISLAND A","6158665","1991-10-18 15:00","1991","10","18","15:00"
"-79.40","43.63","TORONTO ISLAND A","6158665","1991-10-18 16:00","1991","10","18","16:00"
"-79.40","43.63","TORONTO ISLAND A","6158665","1991-10-18 17:00","1991","10","18","17:00"
"-79.40","43.63","TORONTO ISLAND A","6158665","1991-10-18 18:00","1991","10","18","18:00","","12.0","","7.4","","73","","32","","9","","25.0","","100.85","","","","","","Mainly Clear"
"-79.40","43.63","TORONTO ISLAND A","6158665","1991-10-18 19:00","1991","10","18","19:00"
"-79.40","43.63","TORONTO ISLAND A","6158665","1991-10-18 20:00","1991","10","18","20:00"
"-79.40","43.63","TORONTO ISLAND A","6158665","1991-10-18 21:00","1991","10","18","21:00"
"-79.40","43.63","TORONTO ISLAND A","6158665","1991-10-18 22:00","1991","10","18","22:00","","","","","","","","34","","11","","","","","","","","","","NA"
"-79.40","43.63","TORONTO ISLAND A","6158665","1991-10-18 23:00","1991","10","18","23:00","","","","","","","","36","","13","","","","","","","","","","NA"
"-79.40","43.63","TORONTO ISLAND A","6158665","1991-10-19 00:00","1991","10","19","00:00","","","","","","","","33","","13","","","","","","","","","","NA"
"-79.40","43.63","TORONTO ISLAND A","6158665","1991-10-19 01:00","1991","10","19","01:00","","","","","","","","34","","22","","","","","","","","","","NA"
"-79.40","43.63","TORONTO ISLAND A","6158665","1991-10-19 02:00","1991","10","19","02:00","","","","","","","","32","","7","","","","","","","","","","NA"
"-79.40","43.63","TORONTO ISLAND A","6158665","1991-10-19 03:00","1991","10","19","03:00","","","","","","","","33","","19","","","","","","","","","","NA"
"-79.40","43.63","TORONTO ISLAND A","6158665","1991-10-19 04:00","1991","10","19","04:00","","","","","","","","33","","19","","","","","","","","","","NA"
"-79.40","43.63","TORONTO ISLAND A","6158665","1991-10-19 05:00","1991","10","19","05:00","","","","","","","","34","","22","","","","","","","","","","NA"
"-79.40","43.63","TORONTO ISLAND A","6158665","1991-10-19 06:00","1991","10","19","06:00","","4.5","","3.2","","91","","34","","15","","24.1","","101.02","","","","","","Rain"
"-79.40","43.63","TORONTO ISLAND A","6158665","1991-10-19 07:00","1991","10","19","07:00","","4.2","","2.6","","89","","34","","11","","25.0","","101.05","","","","","","Cloudy"
"-79.40","43.63","TORONTO ISLAND A","6158665","1991-10-19 08:00","1991","10","19","08:00"
"-79.40","43.63","TORONTO ISLAND A","6158665","1991-10-19 09:00","1991","10","19","09:00"
"-79.40","43.63","TORONTO ISLAND A","6158665","1991-10-19 10:00","1991","10","19","10:00","","4.8","","2.6","","86","","32","","15","","25.0","","101.19","","","","","","Mostly Cloudy"
"-79.40","43.63","TORONTO ISLAND A","6158665","1991-10-19 11:00","1991","10","19","11:00"
"-79.40","43.63","TORONTO ISLAND A","6158665","1991-10-19 12:00","1991","10","19","12:00"
"-79.40","43.63","TORONTO ISLAND A","6158665","1991-10-19 13:00","1991","10","19","13:00"
"-79.40","43.63","TORONTO ISLAND A","6158665","1991-10-19 14:00","1991","10","19","14:00"
"-79.40","43.63","TORONTO ISLAND A","6158665","1991-10-19 15:00","1991","10","19","15:00"
"-79.40","43.63","TORONTO ISLAND A","6158665","1991-10-19 16:00","1991","10","19","16:00"
"-79.40","43.63","TORONTO ISLAND A","6158665","1991-10-19 17:00","1991","10","19","17:00"
"-79.40","43.63","TORONTO ISLAND A","6158665","1991-10-19 18:00","1991","10","19","18:00","","6.3","","-0.3","","63","","28","","20","","25.0","","101.49","","","","","","Mostly Cloudy"
"-79.40","43.63","TORONTO ISLAND A","6158665","1991-10-19 19:00","1991","10","19","19:00"
"-79.40","43.63","TORONTO ISLAND A","6158665","1991-10-19 20:00","1991","10","19","20:00"
"-79.40","43.63","TORONTO ISLAND A","6158665","1991-10-19 21:00","1991","10","19","21:00"
"-79.40","43.63","TORONTO ISLAND A","6158665","1991-10-19 22:00","1991","10","19","22:00","","","","","","","","30","","15","","","","","","","","","","NA"
"-79.40","43.63","TORONTO ISLAND A","6158665","1991-10-19 23:00","1991","10","19","23:00","","","","","","","","31","","7","","","","","","","","","","NA"
"-79.40","43.63","TORONTO ISLAND A","6158665","1991-10-20 00:00","1991","10","20","00:00","","","","","","","","27","","11","","","","","","","","","","NA"
"-79.40","43.63","TORONTO ISLAND A","6158665","1991-10-20 01:00","1991","10","20","01:00","","","","","","","","31","","11","","","","","","","","","","NA"
"-79.40","43.63","TORONTO ISLAND A","6158665","1991-10-20 02:00","1991","10","20","02:00","","","","","","","","28","","13","","","","","","","","","","NA"
"-79.40","43.63","TORONTO ISLAND A","6158665","1991-10-20 03:00","1991","10","20","03:00","","","","","","","","27","","7","","","","","","","","","","NA"
"-79.40","43.63","TORONTO ISLAND A","6158665","1991-10-20 04:00","1991","10","20","04:00","","","","","","","","1","","6","","","","","","","","","","NA"
"-79.40","43.63","TORONTO ISLAND A","6158665","1991-10-20 05:00","1991","10","20","05:00","","","","","","","","29","","13","","","","","","","","","","NA"
"-79.40","43.63","TORONTO ISLAND A","6158665","1991-10-20 06:00","1991","10","20","06:00","","0.8","","-4.0","","70","","30","","9","","25.0","","101.59","","","","","","Mainly Clear"
"-79.40","43.63","TORONTO ISLAND A","6158665","1991-10-20 07:00","1991","10","20","07:00","","1.0","","-3.5","","72","","32","","6","","25.0","","101.63","","","","","","Mainly Clear"
"-79.40","43.63","TORONTO ISLAND A","6158665","1991-10-20 08:00","1991","10","20","08:00"
"-79.40","43.63","TORONTO ISLAND A","6158665","1991-10-20 09:00","1991","10","20","09:00"
"-79.40","43.63","TORONTO ISLAND A","6158665","1991-10-20 10:00","1991","10","20","10:00","","5.7","","-3.4","","52","","25","","15","","25.0","","101.69","","","","","","Mostly Cloudy"
"-79.40","43.63","TORONTO ISLAND A","6158665","1991-10-20 11:00","1991","10","20","11:00"
"-79.40","43.63","TORONTO ISLAND A","6158665","1991-10-20 12:00","1991","10","20","12:00"
"-79.40","43.63","TORONTO ISLAND A","6158665","1991-10-20 13:00","1991","10","20","13:00"
"-79.40","43.63","TORONTO ISLAND A","6158665","1991-10-20 14:00","1991","10","20","14:00"
"-79.40","43.63","TORONTO ISLAND A","6158665","1991-10-20 15:00","1991","10","20","15:00"
"-79.40","43.63","TORONTO ISLAND A","6158665","1991-10-20 16:00","1991","10","20","16:00"
"-79.40","43.63","TORONTO ISLAND A","6158665","1991-10-20 17:00","1991","10","20","17:00"
"-79.40","43.63","TORONTO ISLAND A","6158665","1991-10-20 18:00","1991","10","20","18:00","","7.9","","3.2","","72","","18","","20","","25.0","","101.22","","","","","","Mostly Cloudy"
"-79.40","43.63","TORONTO ISLAND A","6158665","1991-10-20 19:00","1991","10","20","19:00"
"-79.40","43.63","TORONTO ISLAND A","6158665","1991-10-20 20:00","1991","10","20","20:00"
"-79.40","43.63","TORONTO ISLAND A","6158665","1991-10-20 21:00","1991","10","20","21:00"
"-79.40","43.63","TORONTO ISLAND A","6158665","1991-10-20 22:00","1991","10","20","22:00","","","","","","","","25","","19","","","","","","","","","","NA"
"-79.40","43.63","TORONTO ISLAND A","6158665","1991-10-20 23:00","1991","10","20","23:00","","","","","","","","26","","15","","","","","","","","","","NA"
"-79.40","43.63","TORONTO ISLAND A","6158665","1991-10-21 00:00","1991","10","21","00:00","","","","","","","","26","","7","","","","","","","","","","NA"
"-79.40","43.63","TORONTO ISLAND A","6158665","1991-10-21 01:00","1991","10","21","01:00","","","","","","","","24","","13","","","","","","","","","","NA"
"-79.40","43.63","TORONTO ISLAND A","6158665","1991-10-21 02:00","1991","10","21","02:00","","","","","","","","26","","9","","","","","","","","","","NA"
"-79.40","43.63","TORONTO ISLAND A","6158665","1991-10-21 03:00","1991","10","21","03:00","","","","","","","","","","0","","","","","","","","","","NA"
"-79.40","43.63","TORONTO ISLAND A","6158665","1991-10-21 04:00","1991","10","21","04:00","","","","","","","","","","0","","","","","","","","","","NA"
"-79.40","43.63","TORONTO ISLAND A","6158665","1991-10-21 05:00","1991","10","21","05:00","","","","","","","","","","0","","","","","","","","","","NA"
"-79.40","43.63","TORONTO ISLAND A","6158665","1991-10-21 06:00","1991","10","21","06:00","","5.3","","2.8","","84","","","","0","","25.0","","101.12","","","","","","Mostly Cloudy"
"-79.40","43.63","TORONTO ISLAND A","6158665","1991-10-21 07:00","1991","10","21","07:00","","6.0","","3.6","","85","","","","0","","24.1","","101.12","","","","","","Cloudy"
"-79.40","43.63","TORONTO ISLAND A","6158665","1991-10-21 08:00","1991","10","21","08:00"
"-79.40","43.63","TORONTO ISLAND A","6158665","1991-10-21 09:00","1991","10","21","09:00"
"-79.40","43.63","TORONTO ISLAND A","6158665","1991-10-21 10:00","1991","10","21","10:00","","8.3","","5.7","","84","","8","","7","","24.1","","101.09","","","","","","Cloudy"
"-79.40","43.63","TORONTO ISLAND A","6158665","1991-10-21 11:00","1991","10","21","11:00"
"-79.40","43.63","TORONTO ISLAND A","6158665","1991-10-21 12:00","1991","10","21","12:00"
"-79.40","43.63","TORONTO ISLAND A","6158665","1991-10-21 13:00","1991","10","21","13:00"
"-79.40","43.63","TORONTO ISLAND A","6158665","1991-10-21 14:00","1991","10","21","14:00"
"-79.40","43.63","TORONTO ISLAND A","6158665","1991-10-21 15:00","1991","10","21","15:00"
"-79.40","43.63","TORONTO ISLAND A","6158665","1991-10-21 16:00","1991","10","21","16:00"
"-79.40","43.63","TORONTO ISLAND A","6158665","1991-10-21 17:00","1991","10","21","17:00"
"-79.40","43.63","TORONTO ISLAND A","6158665","1991-10-21 18:00","1991","10","21","18:00","","10.2","","5.0","","70","","22","","19","","24.1","","100.55","","","","","","Mostly Cloudy"
"-79.40","43.63","TORONTO ISLAND A","6158665","1991-10-21 19:00","1991","10","21","19:00"
"-79.40","43.63","TORONTO ISLAND A","6158665","1991-10-21 20:00","1991","10","21","20:00"
"-79.40","43.63","TORONTO ISLAND A","6158665","1991-10-21 21:00","1991","10","21","21:00"
"-79.40","43.63","TORONTO ISLAND A","6158665","1991-10-21 22:00","1991","10","21","22:00","","","","","","","","19","","6","","","","","","","","","","NA"
"-79.40","43.63","TORONTO ISLAND A","6158665","1991-10-21 23:00","1991","10","21","23:00","","","","","","","","22","","7","","","","","","","","","","NA"
"-79.40","43.63","TORONTO ISLAND A","6158665","1991-10-22 00:00","1991","10","22","00:00","","","","","","","","25","","7","","","","","","","","","","NA"
"-79.40","43.63","TORONTO ISLAND A","6158665","1991-10-22 01:00","1991","10","22","01:00","","","","","","","","25","","9","","","","","","","","","","NA"
"-79.40","43.63","TORONTO ISLAND A","6158665","1991-10-22 02:00","1991","10","22","02:00","","","","","","","","26","","9","","","","","","","","","","NA"
"-79.40","43.63","TORONTO ISLAND A","6158665","1991-10-22 03:00","1991","10","22","03:00","","","","","","","","26","","6","","","","","","","","","","NA"
"-79.40","43.63","TORONTO ISLAND A","6158665","1991-10-22 04:00","1991","10","22","04:00","","","","","","","","22","","4","","","","","","","","","","NA"
"-79.40","43.63","TORONTO ISLAND A","6158665","1991-10-22 05:00","1991","10","22","05:00","","","","","","","","22","","4","","","","","","","","","","NA"
"-79.40","43.63","TORONTO ISLAND A","6158665","1991-10-22 06:00","1991","10","22","06:00","","8.8","","5.1","","78","","","","0","","25.0","","100.89","","","","","","Mostly Cloudy"
"-79.40","43.63","TORONTO ISLAND A","6158665","1991-10-22 07:00","1991","10","22","07:00","","8.3","","5.3","","81","","23","","7","","19.3","","101.02","","","","","","Mostly Cloudy"
"-79.40","43.63","TORONTO ISLAND A","6158665","1991-10-22 08:00","1991","10","22","08:00"
"-79.40","43.63","TORONTO ISLAND A","6158665","1991-10-22 09:00","1991","10","22","09:00"
"-79.40","43.63","TORONTO ISLAND A","6158665","1991-10-22 10:00","1991","10","22","10:00","","11.7","","4.2","","60","","18","","6","","12.9","","101.15","","","","","","Mainly Clear"
"-79.40","43.63","TORONTO ISLAND A","6158665","1991-10-22 11:00","1991","10","22","11:00"
"-79.40","43.63","TORONTO ISLAND A","6158665","1991-10-22 12:00","1991","10","22","12:00"
"-79.40","43.63","TORONTO ISLAND A","6158665","1991-10-22 13:00","1991","10","22","13:00"
"-79.40","43.63","TORONTO ISLAND A","6158665","1991-10-22 14:00","1991","10","22","14:00"
"-79.40","43.63","TORONTO ISLAND A","6158665","1991-10-22 15:00","1991","10","22","15:00"
"-79.40","43.63","TORONTO ISLAND A","6158665","1991-10-22 16:00","1991","10","22","16:00"
"-79.40","43.63","TORONTO ISLAND A","6158665","1991-10-22 17:00","1991","10","22","17:00"
"-79.40","43.63","TORONTO ISLAND A","6158665","1991-10-22 18:00","1991","10","22","18:00","","11.4","","7.5","","77","","7","","19","","16.1","","101.15","","","","","","Cloudy"
"-79.40","43.63","TORONTO ISLAND A","6158665","1991-10-22 19:00","1991","10","22","19:00"
"-79.40","43.63","TORONTO ISLAND A","6158665","1991-10-22 20:00","1991","10","22","20:00"
"-79.40","43.63","TORONTO ISLAND A","6158665","1991-10-22 21:00","1991","10","22","21:00"
"-79.40","43.63","TORONTO ISLAND A","6158665","1991-10-22 22:00","1991","10","22","22:00","","","","","","","","8","","15","","","","","","","","","","NA"
"-79.40","43.63","TORONTO ISLAND A","6158665","1991-10-22 23:00","1991","10","22","23:00","","","","","","","","8","","13","","","","","","","","","","NA"
"-79.40","43.63","TORONTO ISLAND A","6158665","1991-10-23 00:00","1991","10","23","00:00","","","","","","","","7","","9","","","","","","","","","","NA"
"-79.40","43.63","TORONTO ISLAND A","6158665","1991-10-23 01:00","1991","10","23","01:00","","","","","","","","9","","15","","","","","","","","","","NA"
"-79.40","43.63","TORONTO ISLAND A","6158665","1991-10-23 02:00","1991","10","23","02:00","","","","","","","","8","","19","","","","","","","","","","NA"
"-79.40","43.63","TORONTO ISLAND A","6158665","1991-10-23 03:00","1991","10","23","03:00","","","","","","","","9","","19","","","","","","","","","","NA"
"-79.40","43.63","TORONTO ISLAND A","6158665","1991-10-23 04:00","1991","10","23","04:00","","","","","","","","9","","11","","","","","","","","","","NA"
"-79.40","43.63","TORONTO ISLAND A","6158665","1991-10-23 05:00","1991","10","23","05:00","","","","","","","","9","","11","","","","","","","","","","NA"
"-79.40","43.63","TORONTO ISLAND A","6158665","1991-10-23 06:00","1991","10","23","06:00","","10.0","","9.2","","95","","6","","15","","12.9","","101.12","","","","","","Clear"
"-79.40","43.63","TORONTO ISLAND A","6158665","1991-10-23 07:00","1991","10","23","07:00","","10.2","","9.3","","94","","7","","15","","11.3","","101.15","","","","","","Mainly Clear"
"-79.40","43.63","TORONTO ISLAND A","6158665","1991-10-23 08:00","1991","10","23","08:00"
"-79.40","43.63","TORONTO ISLAND A","6158665","1991-10-23 09:00","1991","10","23","09:00"
"-79.40","43.63","TORONTO ISLAND A","6158665","1991-10-23 10:00","1991","10","23","10:00","","13.2","","","","","","8","","11","","11.3","","101.26","","","","","","Mainly Clear"
"-79.40","43.63","TORONTO ISLAND A","6158665","1991-10-23 11:00","1991","10","23","11:00"
"-79.40","43.63","TORONTO ISLAND A","6158665","1991-10-23 12:00","1991","10","23","12:00"
"-79.40","43.63","TORONTO ISLAND A","6158665","1991-10-23 13:00","1991","10","23","13:00"
"-79.40","43.63","TORONTO ISLAND A","6158665","1991-10-23 14:00","1991","10","23","14:00"
"-79.40","43.63","TORONTO ISLAND A","6158665","1991-10-23 15:00","1991","10","23","15:00"
"-79.40","43.63","TORONTO ISLAND A","6158665","1991-10-23 16:00","1991","10","23","16:00"
"-79.40","43.63","TORONTO ISLAND A","6158665","1991-10-23 17:00","1991","10","23","17:00"
"-79.40","43.63","TORONTO ISLAND A","6158665","1991-10-23 18:00","1991","10","23","18:00","","13.7","","10.4","","80","","8","","6","","12.9","","101.15","","","","","","Clear"
"-79.40","43.63","TORONTO ISLAND A","6158665","1991-10-23 19:00","1991","10","23","19:00"
"-79.40","43.63","TORONTO ISLAND A","6158665","1991-10-23 20:00","1991","10","23","20:00"
"-79.40","43.63","TORONTO ISLAND A","6158665","1991-10-23 21:00","1991","10","23","21:00"
"-79.40","43.63","TORONTO ISLAND A","6158665","1991-10-23 22:00","1991","10","23","22:00","","","","","","","","9","","6","","","","","","","","","","NA"
"-79.40","43.63","TORONTO ISLAND A","6158665","1991-10-23 23:00","1991","10","23","23:00","","","","","","","","8","","7","","","","","","","","","","NA"
"-79.40","43.63","TORONTO ISLAND A","6158665","1991-10-24 00:00","1991","10","24","00:00","","","","","","","","9","","15","","","","","","","","","","NA"
"-79.40","43.63","TORONTO ISLAND A","6158665","1991-10-24 01:00","1991","10","24","01:00","","","","","","","","9","","9","","","","","","","","","","NA"
"-79.40","43.63","TORONTO ISLAND A","6158665","1991-10-24 02:00","1991","10","24","02:00","","","","","","","","9","","6","","","","","","","","","","NA"
"-79.40","43.63","TORONTO ISLAND A","6158665","1991-10-24 03:00","1991","10","24","03:00","","","","","","","","9","","9","","","","","","","","","","NA"
"-79.40","43.63","TORONTO ISLAND A","6158665","1991-10-24 04:00","1991","10","24","04:00","","","","","","","","","","0","","","","","","","","","","NA"
"-79.40","43.63","TORONTO ISLAND A","6158665","1991-10-24 05:00","1991","10","24","05:00","","","","","","","","","","0","","","","","","","","","","NA"
"-79.40","43.63","TORONTO ISLAND A","6158665","1991-10-24 06:00","1991","10","24","06:00","","13.7","","11.7","","88","","18","","6","","12.9","","101.26","","","","","","Rain"
"-79.40","43.63","TORONTO ISLAND A","6158665","1991-10-24 07:00","1991","10","24","07:00","","14.0","","11.8","","86","","","","0","","8.0","","101.32","","","","","","Rain,Fog"
"-79.40","43.63","TORONTO ISLAND A","6158665","1991-10-24 08:00","1991","10","24","08:00"
"-79.40","43.63","TORONTO ISLAND A","6158665","1991-10-24 09:00","1991","10","24","09:00"
"-79.40","43.63","TORONTO ISLAND A","6158665","1991-10-24 10:00","1991","10","24","10:00","","14.4","","13.3","","93","","","","0","","9.7","","101.36","","","","","","Rain,Fog"
"-79.40","43.63","TORONTO ISLAND A","6158665","1991-10-24 11:00","1991","10","24","11:00"
"-79.40","43.63","TORONTO ISLAND A","6158665","1991-10-24 12:00","1991","10","24","12:00"
"-79.40","43.63","TORONTO ISLAND A","6158665","1991-10-24 13:00","1991","10","24","13:00"
"-79.40","43.63","TORONTO ISLAND A","6158665","1991-10-24 14:00","1991","10","24","14:00"
"-79.40","43.63","TORONTO ISLAND A","6158665","1991-10-24 15:00","1991","10","24","15:00"
"-79.40","43.63","TORONTO ISLAND A","6158665","1991-10-24 16:00","1991","10","24","16:00"
"-79.40","43.63","TORONTO ISLAND A","6158665","1991-10-24 17:00","1991","10","24","17:00"
"-79.40","43.63","TORONTO ISLAND A","6158665","1991-10-24 18:00","1991","10","24","18:00","","15.0","","12.7","","86","","23","","6","","11.3","","101.12","","","","","","Cloudy"
"-79.40","43.63","TORONTO ISLAND A","6158665","1991-10-24 19:00","1991","10","24","19:00"
"-79.40","43.63","TORONTO ISLAND A","6158665","1991-10-24 20:00","1991","10","24","20:00"
"-79.40","43.63","TORONTO ISLAND A","6158665","1991-10-24 21:00","1991","10","24","21:00"
"-79.40","43.63","TORONTO ISLAND A","6158665","1991-10-24 22:00","1991","10","24","22:00","","","","","","","","19","","13","","","","","","","","","","NA"
"-79.40","43.63","TORONTO ISLAND A","6158665","1991-10-24 23:00","1991","10","24","23:00","","","","","","","","17","","6","","","","","","","","","","NA"
"-79.40","43.63","TORONTO ISLAND A","6158665","1991-10-25 00:00","1991","10","25","00:00","","","","","","","","18","","4","","","","","","","","","","NA"
"-79.40","43.63","TORONTO ISLAND A","6158665","1991-10-25 01:00","1991","10","25","01:00","","","","","","","","22","","4","","","","","","","","","","NA"
"-79.40","43.63","TORONTO ISLAND A","6158665","1991-10-25 02:00","1991","10","25","02:00","","","","","","","","","","0","","","","","","","","","","NA"
"-79.40","43.63","TORONTO ISLAND A","6158665","1991-10-25 03:00","1991","10","25","03:00","","","","","","","","","","0","","","","","","","","","","NA"
"-79.40","43.63","TORONTO ISLAND A","6158665","1991-10-25 04:00","1991","10","25","04:00","","","","","","","","23","","9","","","","","","","","","","NA"
"-79.40","43.63","TORONTO ISLAND A","6158665","1991-10-25 05:00","1991","10","25","05:00","","","","","","","","15","","13","","","","","","","","","","NA"
"-79.40","43.63","TORONTO ISLAND A","6158665","1991-10-25 06:00","1991","10","25","06:00","","14.3","","14.2","","100","","","","0","","9.7","","101.12","","","","","","Rain Showers,Fog"
"-79.40","43.63","TORONTO ISLAND A","6158665","1991-10-25 07:00","1991","10","25","07:00","","13.9","","13.8","","99","","12","","4","","6.4","","101.12","","","","","","Fog"
"-79.40","43.63","TORONTO ISLAND A","6158665","1991-10-25 08:00","1991","10","25","08:00"
"-79.40","43.63","TORONTO ISLAND A","6158665","1991-10-25 09:00","1991","10","25","09:00"
"-79.40","43.63","TORONTO ISLAND A","6158665","1991-10-25 10:00","1991","10","25","10:00","","16.4","","13.8","","85","","16","","9","","11.3","","101.12","","","","","","Mostly Cloudy"
"-79.40","43.63","TORONTO ISLAND A","6158665","1991-10-25 11:00","1991","10","25","11:00"
"-79.40","43.63","TORONTO ISLAND A","6158665","1991-10-25 12:00","1991","10","25","12:00"
"-79.40","43.63","TORONTO ISLAND A","6158665","1991-10-25 13:00","1991","10","25","13:00"
"-79.40","43.63","TORONTO ISLAND A","6158665","1991-10-25 14:00","1991","10","25","14:00"
"-79.40","43.63","TORONTO ISLAND A","6158665","1991-10-25 15:00","1991","10","25","15:00"
"-79.40","43.63","TORONTO ISLAND A","6158665","1991-10-25 16:00","1991","10","25","16:00"
"-79.40","43.63","TORONTO ISLAND A","6158665","1991-10-25 17:00","1991","10","25","17:00"
"-79.40","43.63","TORONTO ISLAND A","6158665","1991-10-25 18:00","1991","10","25","18:00","","14.1","","14.0","","99","","22","","4","","6.4","","101.09","","","","","","Rain,Fog"
"-79.40","43.63","TORONTO ISLAND A","6158665","1991-10-25 19:00","1991","10","25","19:00"
"-79.40","43.63","TORONTO ISLAND A","6158665","1991-10-25 20:00","1991","10","25","20:00"
"-79.40","43.63","TORONTO ISLAND A","6158665","1991-10-25 21:00","1991","10","25","21:00"
"-79.40","43.63","TORONTO ISLAND A","6158665","1991-10-25 22:00","1991","10","25","22:00","","","","","","","","","","0","","","","","","","","","","NA"
"-79.40","43.63","TORONTO ISLAND A","6158665","1991-10-25 23:00","1991","10","25","23:00","","","","","","","","","","0","","","","","","","","","","NA"
"-79.40","43.63","TORONTO ISLAND A","6158665","1991-10-26 00:00","1991","10","26","00:00","","","","","","","","","","0","","","","","","","","","","NA"
"-79.40","43.63","TORONTO ISLAND A","6158665","1991-10-26 01:00","1991","10","26","01:00","","","","","","","","","","0","","","","","","","","","","NA"
"-79.40","43.63","TORONTO ISLAND A","6158665","1991-10-26 02:00","1991","10","26","02:00","","","","","","","","9","","4","","","","","","","","","","NA"
"-79.40","43.63","TORONTO ISLAND A","6158665","1991-10-26 03:00","1991","10","26","03:00","","","","","","","","15","","6","","","","","","","","","","NA"
"-79.40","43.63","TORONTO ISLAND A","6158665","1991-10-26 04:00","1991","10","26","04:00","","","","","","","","","","0","","","","","","","","","","NA"
"-79.40","43.63","TORONTO ISLAND A","6158665","1991-10-26 05:00","1991","10","26","05:00","","","","","","","","","","0","","","","","","","","","","NA"
"-79.40","43.63","TORONTO ISLAND A","6158665","1991-10-26 06:00","1991","10","26","06:00","","13.3","","13.3","","100","","25","","4","","1.0","","101.15","","","","","","Rain Showers,Fog"
"-79.40","43.63","TORONTO ISLAND A","6158665","1991-10-26 07:00","1991","10","26","07:00","","13.6","","13.6","","100","","","","0","","0.6","","101.15","","","","","","Rain Showers,Fog"
"-79.40","43.63","TORONTO ISLAND A","6158665","1991-10-26 08:00","1991","10","26","08:00"
"-79.40","43.63","TORONTO ISLAND A","6158665","1991-10-26 09:00","1991","10","26","09:00"
"-79.40","43.63","TORONTO ISLAND A","6158665","1991-10-26 10:00","1991","10","26","10:00","","14.9","","14.9","","100","","","","0","","0.6","","101.22","","","","","","Fog"
"-79.40","43.63","TORONTO ISLAND A","6158665","1991-10-26 11:00","1991","10","26","11:00"
"-79.40","43.63","TORONTO ISLAND A","6158665","1991-10-26 12:00","1991","10","26","12:00"
"-79.40","43.63","TORONTO ISLAND A","6158665","1991-10-26 13:00","1991","10","26","13:00"
"-79.40","43.63","TORONTO ISLAND A","6158665","1991-10-26 14:00","1991","10","26","14:00"
"-79.40","43.63","TORONTO ISLAND A","6158665","1991-10-26 15:00","1991","10","26","15:00"
"-79.40","43.63","TORONTO ISLAND A","6158665","1991-10-26 16:00","1991","10","26","16:00"
"-79.40","43.63","TORONTO ISLAND A","6158665","1991-10-26 17:00","1991","10","26","17:00"
"-79.40","43.63","TORONTO ISLAND A","6158665","1991-10-26 18:00","1991","10","26","18:00","","13.2","","13.1","","99","","7","","19","","0.4","","100.95","","","","","","Fog"
"-79.40","43.63","TORONTO ISLAND A","6158665","1991-10-26 19:00","1991","10","26","19:00"
"-79.40","43.63","TORONTO ISLAND A","6158665","1991-10-26 20:00","1991","10","26","20:00"
"-79.40","43.63","TORONTO ISLAND A","6158665","1991-10-26 21:00","1991","10","26","21:00"
"-79.40","43.63","TORONTO ISLAND A","6158665","1991-10-26 22:00","1991","10","26","22:00","","","","","","","","8","","9","","","","","","","","","","NA"
"-79.40","43.63","TORONTO ISLAND A","6158665","1991-10-26 23:00","1991","10","26","23:00","","","","","","","","8","","7","","","","","","","","","","NA"
"-79.40","43.63","TORONTO ISLAND A","6158665","1991-10-27 00:00","1991","10","27","00:00","","","","","","","","","","0","","","","","","","","","","NA"
"-79.40","43.63","TORONTO ISLAND A","6158665","1991-10-27 01:00","1991","10","27","01:00","","","","","","","","9","","11","","","","","","","","","","NA"
"-79.40","43.63","TORONTO ISLAND A","6158665","1991-10-27 02:00","1991","10","27","02:00","","","","","","","","9","","15","","","","","","","","","","NA"
"-79.40","43.63","TORONTO ISLAND A","6158665","1991-10-27 03:00","1991","10","27","03:00","","","","","","","","9","","9","","","","","","","","","","NA"
"-79.40","43.63","TORONTO ISLAND A","6158665","1991-10-27 04:00","1991","10","27","04:00","","","","","","","","30","","4","","","","","","","","","","NA"
"-79.40","43.63","TORONTO ISLAND A","6158665","1991-10-27 05:00","1991","10","27","05:00","","","","","","","","","","0","","","","","","","","","","NA"
"-79.40","43.63","TORONTO ISLAND A","6158665","1991-10-27 06:00","1991","10","27","06:00"
"-79.40","43.63","TORONTO ISLAND A","6158665","1991-10-27 07:00","1991","10","27","07:00","","12.7","","12.6","","99","","26","","11","","4.8","","100.75","","","","","","Rain,Fog"
"-79.40","43.63","TORONTO ISLAND A","6158665","1991-10-27 08:00","1991","10","27","08:00"
"-79.40","43.63","TORONTO ISLAND A","6158665","1991-10-27 09:00","1991","10","27","09:00"
"-79.40","43.63","TORONTO ISLAND A","6158665","1991-10-27 10:00","1991","10","27","10:00","","13.3","","12.3","","94","","33","","26","","24.1","","100.89","","","","","","Cloudy"
"-79.40","43.63","TORONTO ISLAND A","6158665","1991-10-27 11:00","1991","10","27","11:00"
"-79.40","43.63","TORONTO ISLAND A","6158665","1991-10-27 12:00","1991","10","27","12:00"
"-79.40","43.63","TORONTO ISLAND A","6158665","1991-10-27 13:00","1991","10","27","13:00"
"-79.40","43.63","TORONTO ISLAND A","6158665","1991-10-27 14:00","1991","10","27","14:00"
"-79.40","43.63","TORONTO ISLAND A","6158665","1991-10-27 15:00","1991","10","27","15:00"
"-79.40","43.63","TORONTO ISLAND A","6158665","1991-10-27 16:00","1991","10","27","16:00"
"-79.40","43.63","TORONTO ISLAND A","6158665","1991-10-27 17:00","1991","10","27","17:00"
"-79.40","43.63","TORONTO ISLAND A","6158665","1991-10-27 18:00","1991","10","27","18:00","","11.2","","8.0","","81","","34","","15","","25.0","","101.42","","","","","","Mainly Clear"
"-79.40","43.63","TORONTO ISLAND A","6158665","1991-10-27 19:00","1991","10","27","19:00"
"-79.40","43.63","TORONTO ISLAND A","6158665","1991-10-27 20:00","1991","10","27","20:00"
"-79.40","43.63","TORONTO ISLAND A","6158665","1991-10-27 21:00","1991","10","27","21:00"
"-79.40","43.63","TORONTO ISLAND A","6158665","1991-10-27 22:00","1991","10","27","22:00","","10.1","","6.2","","77","","4","","11","","25.0","","101.79","","","","","","Mainly Clear"
"-79.40","43.63","TORONTO ISLAND A","6158665","1991-10-27 23:00","1991","10","27","23:00","","","","","","","","3","","11","","","","","","","","","","NA"
"-79.40","43.63","TORONTO ISLAND A","6158665","1991-10-28 00:00","1991","10","28","00:00","","","","","","","","4","","26","","","","","","","","","","NA"
"-79.40","43.63","TORONTO ISLAND A","6158665","1991-10-28 01:00","1991","10","28","01:00","","","","","","","","3","","19","","","","","","","","","","NA"
"-79.40","43.63","TORONTO ISLAND A","6158665","1991-10-28 02:00","1991","10","28","02:00","","","","","","","","6","","15","","","","","","","","","","NA"
"-79.40","43.63","TORONTO ISLAND A","6158665","1991-10-28 03:00","1991","10","28","03:00","","","","","","","","5","","13","","","","","","","","","","NA"
"-79.40","43.63","TORONTO ISLAND A","6158665","1991-10-28 04:00","1991","10","28","04:00","","","","","","","","4","","20","","","","","","","","","","NA"
"-79.40","43.63","TORONTO ISLAND A","6158665","1991-10-28 05:00","1991","10","28","05:00","","","","","","","","4","","19","","","","","","","","","","NA"
"-79.40","43.63","TORONTO ISLAND A","6158665","1991-10-28 06:00","1991","10","28","06:00"
"-79.40","43.63","TORONTO ISLAND A","6158665","1991-10-28 07:00","1991","10","28","07:00","","7.6","","2.8","","71","","5","","19","","25.0","","102.33","","","","","","Cloudy"
"-79.40","43.63","TORONTO ISLAND A","6158665","1991-10-28 08:00","1991","10","28","08:00"
"-79.40","43.63","TORONTO ISLAND A","6158665","1991-10-28 09:00","1991","10","28","09:00"
"-79.40","43.63","TORONTO ISLAND A","6158665","1991-10-28 10:00","1991","10","28","10:00","","7.1","","2.6","","73","","6","","19","","25.0","","102.50","","","","","","Cloudy"
"-79.40","43.63","TORONTO ISLAND A","6158665","1991-10-28 11:00","1991","10","28","11:00"
"-79.40","43.63","TORONTO ISLAND A","6158665","1991-10-28 12:00","1991","10","28","12:00"
"-79.40","43.63","TORONTO ISLAND A","6158665","1991-10-28 13:00","1991","10","28","13:00"
"-79.40","43.63","TORONTO ISLAND A","6158665","1991-10-28 14:00","1991","10","28","14:00"
"-79.40","43.63","TORONTO ISLAND A","6158665","1991-10-28 15:00","1991","10","28","15:00"
"-79.40","43.63","TORONTO ISLAND A","6158665","1991-10-28 16:00","1991","10","28","16:00"
"-79.40","43.63","TORONTO ISLAND A","6158665","1991-10-28 17:00","1991","10","28","17:00"
"-79.40","43.63","TORONTO ISLAND A","6158665","1991-10-28 18:00","1991","10","28","18:00","","9.1","","4.7","","74","","8","","26","","25.0","","102.43","","","","","","Clear"
"-79.40","43.63","TORONTO ISLAND A","6158665","1991-10-28 19:00","1991","10","28","19:00"
"-79.40","43.63","TORONTO ISLAND A","6158665","1991-10-28 20:00","1991","10","28","20:00"
"-79.40","43.63","TORONTO ISLAND A","6158665","1991-10-28 21:00","1991","10","28","21:00"
"-79.40","43.63","TORONTO ISLAND A","6158665","1991-10-28 22:00","1991","10","28","22:00","","9.5","","3.0","","64","","9","","37","","24.1","","102.50","","","","","","Mainly Clear"
"-79.40","43.63","TORONTO ISLAND A","6158665","1991-10-28 23:00","1991","10","28","23:00","","","","","","","","9","","41","","","","","","","","","","NA"
"-79.40","43.63","TORONTO ISLAND A","6158665","1991-10-29 00:00","1991","10","29","00:00","","","","","","","","10","","33","","","","","","","","","","NA"
"-79.40","43.63","TORONTO ISLAND A","6158665","1991-10-29 01:00","1991","10","29","01:00","","","","","","","","9","","31","","","","","","","","","","NA"
"-79.40","43.63","TORONTO ISLAND A","6158665","1991-10-29 02:00","1991","10","29","02:00","","","","","","","","10","","37","","","","","","","","","","NA"
"-79.40","43.63","TORONTO ISLAND A","6158665","1991-10-29 03:00","1991","10","29","03:00","","","","","","","","10","","44","","","","","","","","","","NA"
"-79.40","43.63","TORONTO ISLAND A","6158665","1991-10-29 04:00","1991","10","29","04:00","","","","","","","","9","","33","","","","","","","","","","NA"
"-79.40","43.63","TORONTO ISLAND A","6158665","1991-10-29 05:00","1991","10","29","05:00","","","","","","","","9","","31","","","","","","","","","","NA"
"-79.40","43.63","TORONTO ISLAND A","6158665","1991-10-29 06:00","1991","10","29","06:00"
"-79.40","43.63","TORONTO ISLAND A","6158665","1991-10-29 07:00","1991","10","29","07:00","","6.9","","4.7","","86","","9","","37","","25.0","","102.60","","","","","","Mostly Cloudy"
"-79.40","43.63","TORONTO ISLAND A","6158665","1991-10-29 08:00","1991","10","29","08:00"
"-79.40","43.63","TORONTO ISLAND A","6158665","1991-10-29 09:00","1991","10","29","09:00"
"-79.40","43.63","TORONTO ISLAND A","6158665","1991-10-29 10:00","1991","10","29","10:00","","7.6","","5.7","","88","","7","","28","","25.0","","102.63","","","","","","Mostly Cloudy"
"-79.40","43.63","TORONTO ISLAND A","6158665","1991-10-29 11:00","1991","10","29","11:00"
"-79.40","43.63","TORONTO ISLAND A","6158665","1991-10-29 12:00","1991","10","29","12:00"
"-79.40","43.63","TORONTO ISLAND A","6158665","1991-10-29 13:00","1991","10","29","13:00"
"-79.40","43.63","TORONTO ISLAND A","6158665","1991-10-29 14:00","1991","10","29","14:00"
"-79.40","43.63","TORONTO ISLAND A","6158665","1991-10-29 15:00","1991","10","29","15:00"
"-79.40","43.63","TORONTO ISLAND A","6158665","1991-10-29 16:00","1991","10","29","16:00"
"-79.40","43.63","TORONTO ISLAND A","6158665","1991-10-29 17:00","1991","10","29","17:00"
"-79.40","43.63","TORONTO ISLAND A","6158665","1991-10-29 18:00","1991","10","29","18:00","","8.9","","4.3","","73","","8","","37","","24.1","","102.33","","","","","","Mostly Cloudy"
"-79.40","43.63","TORONTO ISLAND A","6158665","1991-10-29 19:00","1991","10","29","19:00"
"-79.40","43.63","TORONTO ISLAND A","6158665","1991-10-29 20:00","1991","10","29","20:00"
"-79.40","43.63","TORONTO ISLAND A","6158665","1991-10-29 21:00","1991","10","29","21:00"
"-79.40","43.63","TORONTO ISLAND A","6158665","1991-10-29 22:00","1991","10","29","22:00","","9.4","","5.3","","75","","9","","35","","24.1","","102.33","","","","","","Mainly Clear"
"-79.40","43.63","TORONTO ISLAND A","6158665","1991-10-29 23:00","1991","10","29","23:00","","","","","","","","8","","41","","","","","","","","","","NA"
"-79.40","43.63","TORONTO ISLAND A","6158665","1991-10-30 00:00","1991","10","30","00:00","","","","","","","","8","","33","","","","","","","","","","NA"
"-79.40","43.63","TORONTO ISLAND A","6158665","1991-10-30 01:00","1991","10","30","01:00"
"-79.40","43.63","TORONTO ISLAND A","6158665","1991-10-30 02:00","1991","10","30","02:00","","","","","","","","8","","43","","","","","","","","","","NA"
"-79.40","43.63","TORONTO ISLAND A","6158665","1991-10-30 03:00","1991","10","30","03:00","","","","","","","","7","","24","","","","","","","","","","NA"
"-79.40","43.63","TORONTO ISLAND A","6158665","1991-10-30 04:00","1991","10","30","04:00","","","","","","","","7","","26","","","","","","","","","","NA"
"-79.40","43.63","TORONTO ISLAND A","6158665","1991-10-30 05:00","1991","10","30","05:00","","","","","","","","8","","33","","","","","","","","","","NA"
"-79.40","43.63","TORONTO ISLAND A","6158665","1991-10-30 06:00","1991","10","30","06:00"
"-79.40","43.63","TORONTO ISLAND A","6158665","1991-10-30 07:00","1991","10","30","07:00","","8.4","","7.8","","96","","7","","26","","25.0","","102.16","","","","","","Mainly Clear"
"-79.40","43.63","TORONTO ISLAND A","6158665","1991-10-30 08:00","1991","10","30","08:00"
"-79.40","43.63","TORONTO ISLAND A","6158665","1991-10-30 09:00","1991","10","30","09:00"
"-79.40","43.63","TORONTO ISLAND A","6158665","1991-10-30 10:00","1991","10","30","10:00","","8.6","","6.2","","85","","9","","26","","25.0","","102.03","","","","","","Mostly Cloudy"
"-79.40","43.63","TORONTO ISLAND A","6158665","1991-10-30 11:00","1991","10","30","11:00"
"-79.40","43.63","TORONTO ISLAND A","6158665","1991-10-30 12:00","1991","10","30","12:00"
"-79.40","43.63","TORONTO ISLAND A","6158665","1991-10-30 13:00","1991","10","30","13:00"
"-79.40","43.63","TORONTO ISLAND A","6158665","1991-10-30 14:00","1991","10","30","14:00"
"-79.40","43.63","TORONTO ISLAND A","6158665","1991-10-30 15:00","1991","10","30","15:00"
"-79.40","43.63","TORONTO ISLAND A","6158665","1991-10-30 16:00","1991","10","30","16:00"
"-79.40","43.63","TORONTO ISLAND A","6158665","1991-10-30 17:00","1991","10","30","17:00"
"-79.40","43.63","TORONTO ISLAND A","6158665","1991-10-30 18:00","1991","10","30","18:00","","8.0","","4.1","","76","","","","0","","24.1","","101.52","","","","","","Mainly Clear"
"-79.40","43.63","TORONTO ISLAND A","6158665","1991-10-30 19:00","1991","10","30","19:00"
"-79.40","43.63","TORONTO ISLAND A","6158665","1991-10-30 20:00","1991","10","30","20:00"
"-79.40","43.63","TORONTO ISLAND A","6158665","1991-10-30 21:00","1991","10","30","21:00"
"-79.40","43.63","TORONTO ISLAND A","6158665","1991-10-30 22:00","1991","10","30","22:00","","12.4","","-5.7","","28","","6","","20","","25.0","","101.39","","","","","","Mainly Clear"
"-79.40","43.63","TORONTO ISLAND A","6158665","1991-10-30 23:00","1991","10","30","23:00","","","","","","","","2","","9","","","","","","","","","","NA"
"-79.40","43.63","TORONTO ISLAND A","6158665","1991-10-31 00:00","1991","10","31","00:00","","","","","","","","5","","19","","","","","","","","","","NA"
"-79.40","43.63","TORONTO ISLAND A","6158665","1991-10-31 01:00","1991","10","31","01:00","","","","","","","","5","","19","","","","","","","","","","NA"
"-79.40","43.63","TORONTO ISLAND A","6158665","1991-10-31 02:00","1991","10","31","02:00","","","","","","","","4","","20","","","","","","","","","","NA"
"-79.40","43.63","TORONTO ISLAND A","6158665","1991-10-31 03:00","1991","10","31","03:00","","","","","","","","4","","19","","","","","","","","","","NA"
"-79.40","43.63","TORONTO ISLAND A","6158665","1991-10-31 04:00","1991","10","31","04:00","","","","","","","","5","","19","","","","","","","","","","NA"
"-79.40","43.63","TORONTO ISLAND A","6158665","1991-10-31 05:00","1991","10","31","05:00","","","","","","","","4","","13","","","","","","","","","","NA"
"-79.40","43.63","TORONTO ISLAND A","6158665","1991-10-31 06:00","1991","10","31","06:00"
"-79.40","43.63","TORONTO ISLAND A","6158665","1991-10-31 07:00","1991","10","31","07:00","","8.8","","-4.7","","38","","1","","6","","19.3","","101.36","","","","","","Mostly Cloudy"
"-79.40","43.63","TORONTO ISLAND A","6158665","1991-10-31 08:00","1991","10","31","08:00"
"-79.40","43.63","TORONTO ISLAND A","6158665","1991-10-31 09:00","1991","10","31","09:00"
"-79.40","43.63","TORONTO ISLAND A","6158665","1991-10-31 10:00","1991","10","31","10:00","","8.9","","-3.6","","41","","7","","13","","24.1","","101.46","","","","","","Mostly Cloudy"
"-79.40","43.63","TORONTO ISLAND A","6158665","1991-10-31 11:00","1991","10","31","11:00"
"-79.40","43.63","TORONTO ISLAND A","6158665","1991-10-31 12:00","1991","10","31","12:00"
"-79.40","43.63","TORONTO ISLAND A","6158665","1991-10-31 13:00","1991","10","31","13:00"
"-79.40","43.63","TORONTO ISLAND A","6158665","1991-10-31 14:00","1991","10","31","14:00"
"-79.40","43.63","TORONTO ISLAND A","6158665","1991-10-31 15:00","1991","10","31","15:00"
"-79.40","43.63","TORONTO ISLAND A","6158665","1991-10-31 16:00","1991","10","31","16:00"
"-79.40","43.63","TORONTO ISLAND A","6158665","1991-10-31 17:00","1991","10","31","17:00"
"-79.40","43.63","TORONTO ISLAND A","6158665","1991-10-31 18:00","1991","10","31","18:00","","9.0","","2.5","","64","","8","","13","","24.1","","101.32","","","","","","Mainly Clear"
"-79.40","43.63","TORONTO ISLAND A","6158665","1991-10-31 19:00","1991","10","31","19:00"
"-79.40","43.63","TORONTO ISLAND A","6158665","1991-10-31 20:00","1991","10","31","20:00"
"-79.40","43.63","TORONTO ISLAND A","6158665","1991-10-31 21:00","1991","10","31","21:00"
"-79.40","43.63","TORONTO ISLAND A","6158665","1991-10-31 22:00","1991","10","31","22:00","","7.7","","2.8","","71","","8","","6","","25.0","","101.26","","","","","","Clear"
"-79.40","43.63","TORONTO ISLAND A","6158665","1991-10-31 23:00","1991","10","31","23:00","","","","","","","","7","","7","","","","","","","","","","NA"
